original_canceled_date,resurrected_canceled_date,original_created_date,resurrected_created_date,original_end_date,resurrected_end_date,original_next_charge_date,resurrected_next_charge_date,original_subscription_plan,resurrected_subscription_plan,days_to_resurrection,student_id,original_subscription_ID,resurrected_subscription_ID
NULL,NULL,"2021-02-09 19:06:58","2021-02-12 16:15:47","2021-02-10 00:00:00","2022-02-21 00:00:00","2022-02-09 00:00:00","2022-02-12 00:00:00",annually,annually,2,144384,3317,3351
"2021-01-09 02:00:00","2021-03-22 00:00:00","2021-01-28 23:44:10","2021-02-12 17:20:20","2021-02-09 00:00:00","2022-03-12 00:00:00","2021-02-09 02:00:00","2022-03-12 00:00:00",monthly,annually,3,5974,331,3352
"2021-02-27 00:00:00","2021-08-28 00:00:00","2021-01-30 21:41:33","2021-03-06 12:51:15","2021-02-28 00:00:00","2021-09-06 00:00:00","2021-02-28 00:00:00","2021-09-06 00:00:00",monthly,annually,6,143523,3220,3564
NULL,NULL,"2021-02-24 13:40:17","2021-03-10 15:51:50","2021-03-01 00:00:00",NULL,"2022-02-24 00:00:00","2023-03-10 00:00:00",annually,annually,9,145524,3470,3605
"2021-02-28 00:00:00",NULL,"2021-01-28 23:44:53","2021-03-11 17:23:43","2021-03-09 00:00:00","2021-05-15 00:00:00","2021-03-09 00:00:00","2021-05-11 00:00:00",annually,monthly,2,6131,1448,3616
"2021-02-20 00:00:00",NULL,"2021-01-28 23:44:10","2021-03-16 17:30:30","2021-02-27 00:00:00",NULL,"2021-02-27 02:00:00","2023-03-16 00:00:00",monthly,annually,17,4537,460,3675
"2021-02-18 00:00:00","2022-03-17 00:00:00","2021-01-28 23:44:10","2021-03-17 16:16:41","2021-02-19 00:00:00","2022-03-17 00:00:00","2021-02-19 02:00:00","2022-03-17 00:00:00",monthly,annually,26,5971,148,3705
NULL,"2022-03-19 00:00:00","2021-02-09 23:13:01","2021-03-19 04:50:55","2021-03-13 00:00:00","2022-03-19 00:00:00","2021-03-09 00:00:00","2022-03-19 00:00:00",monthly,annually,6,144400,3319,3787
NULL,"2022-03-21 00:00:00","2021-01-28 23:46:34","2021-03-22 18:01:51","2021-02-18 00:00:00","2022-03-22 00:00:00","2021-02-09 02:00:00","2022-03-22 00:00:00",annually,annually,32,9101,3180,3826
NULL,"2021-04-28 00:00:00","2021-02-21 02:40:56","2021-03-28 10:52:40","2021-03-21 00:00:00","2021-04-28 00:00:00","2021-03-21 00:00:00","2021-04-28 00:00:00",monthly,monthly,7,5382,3423,3913
"2021-02-18 00:00:00","2021-11-30 00:00:00","2021-01-28 23:44:53","2021-03-30 18:51:18","2021-03-15 00:00:00","2021-12-30 00:00:00","2021-03-15 00:00:00","2021-12-30 00:00:00",monthly,monthly,15,2501,998,3925
"2021-02-15 00:00:00","2021-10-01 00:00:00","2021-02-15 18:25:01","2021-04-01 15:33:03","2021-03-15 00:00:00","2021-11-01 00:00:00","2021-03-15 00:00:00","2021-11-01 00:00:00",monthly,monthly,17,1994,3374,3940
NULL,NULL,"2021-02-24 09:02:14","2021-04-03 20:03:49","2021-03-28 00:00:00","2021-05-07 00:00:00","2021-03-24 00:00:00","2021-05-03 00:00:00",monthly,monthly,6,145386,3466,3962
"2020-04-15 03:00:00","2021-04-16 00:00:00","2021-01-28 23:46:06","2021-04-16 11:45:03","2021-04-14 00:00:00","2022-04-16 00:00:00","2021-04-15 03:00:00","2023-04-16 00:00:00",annually,annually,2,15345,2882,4052
"2021-04-15 00:00:00","2021-05-13 00:00:00","2021-03-30 23:52:18","2021-04-26 01:09:34","2021-04-20 00:00:00","2021-05-15 00:00:00","2021-04-30 00:00:00","2021-05-26 00:00:00",annually,annually,6,8855,3928,4122
NULL,NULL,"2021-01-28 23:46:06","2021-04-26 11:59:54","2021-04-23 00:00:00",NULL,"2021-04-14 03:00:00","2023-04-26 00:00:00",annually,annually,3,37860,2908,4123
NULL,"2021-06-21 00:00:00","2021-02-18 00:37:14","2021-04-26 18:25:24","2021-03-18 00:00:00","2021-06-26 00:00:00","2021-03-18 00:00:00","2021-06-26 00:00:00",monthly,monthly,39,18692,3404,4125
"2021-03-13 00:00:00","2021-04-27 00:00:00","2021-01-28 23:46:06","2021-04-27 08:57:25","2021-04-23 00:00:00","2021-05-27 00:00:00","2021-04-23 03:00:00","2021-05-27 00:00:00",annually,monthly,4,14915,2404,4131
NULL,NULL,"2021-01-28 23:46:06","2021-05-01 06:08:00","2021-04-27 00:00:00",NULL,"2021-04-18 03:00:00","2023-05-01 00:00:00",annually,annually,4,10131,2679,4153
"2021-02-20 00:00:00","2021-06-29 00:00:00","2021-01-28 23:44:10","2021-05-01 16:39:41","2021-02-21 00:00:00","2021-07-01 00:00:00","2021-02-21 00:00:00","2021-07-01 00:00:00",monthly,monthly,69,804,78,4158
"2021-04-20 00:00:00","2021-06-01 00:00:00","2021-01-28 23:46:06","2021-05-03 17:44:24","2021-04-22 00:00:00","2021-06-03 00:00:00","2021-04-22 03:00:00","2021-06-03 00:00:00",annually,monthly,11,3850,2445,4174
"2021-03-22 00:00:00",NULL,"2021-01-28 23:46:06","2021-05-04 04:00:48","2021-04-21 00:00:00",NULL,"2021-04-21 03:00:00","2023-05-04 00:00:00",annually,annually,13,14633,2549,4182
NULL,NULL,"2021-01-28 23:46:06","2021-05-11 21:49:49","2021-05-07 00:00:00",NULL,"2021-04-28 03:00:00","2023-05-11 00:00:00",annually,annually,4,9188,2093,4233
"2021-02-10 00:00:00","2022-05-16 00:00:00","2021-01-28 23:44:10","2021-05-16 05:57:17","2021-03-10 00:00:00","2022-05-17 00:00:00","2021-03-10 00:00:00","2023-05-16 00:00:00",monthly,annually,67,4132,328,4251
"2021-04-22 00:00:00","2022-04-07 00:00:00","2021-01-28 23:46:06","2021-05-17 07:43:00","2021-04-23 00:00:00","2022-05-17 00:00:00","2021-04-23 03:00:00","2022-05-17 00:00:00",annually,annually,24,2917,2374,4262
"2021-02-27 00:00:00","2021-05-21 00:00:00","2021-01-28 23:44:53","2021-05-17 08:26:04","2021-02-28 00:00:00","2021-06-17 00:00:00","2021-02-28 00:00:00","2021-06-17 00:00:00",monthly,monthly,78,2930,1093,4263
NULL,NULL,"2021-03-19 08:50:59","2021-05-24 01:06:33","2021-04-23 00:00:00","2022-08-28 00:00:00","2021-04-19 00:00:00","2022-08-24 00:00:00",monthly,annually,31,146625,3794,4303
"2021-04-19 00:00:00",NULL,"2021-01-28 23:46:06","2021-05-28 15:39:16","2021-04-21 00:00:00",NULL,"2021-04-21 03:00:00","2023-05-28 00:00:00",annually,annually,37,5334,2550,4369
"2020-02-02 02:00:00","2021-05-30 00:00:00","2021-01-28 23:46:34","2021-05-30 03:49:20","2021-02-01 00:00:00","2022-05-30 00:00:00","2021-02-02 02:00:00","2022-05-30 00:00:00",annually,annually,118,2851,3187,4398
"2021-05-31 00:00:00",NULL,"2021-04-29 20:56:08","2021-05-31 10:44:18","2021-05-29 00:00:00","2021-10-04 00:00:00","2021-05-29 00:00:00","2021-09-30 00:00:00",monthly,monthly,2,149617,4146,4446
"2021-03-15 00:00:00","2022-06-03 00:00:00","2021-01-28 23:46:06","2021-06-03 10:48:53","2021-04-15 00:00:00","2022-06-03 00:00:00","2021-04-15 03:00:00","2023-06-03 00:00:00",annually,annually,49,19005,2861,4552
NULL,"2022-09-23 00:00:00","2021-01-28 23:44:54","2021-06-25 02:10:31","2021-06-16 00:00:00","2022-09-25 00:00:00","2021-06-07 03:00:00","2022-09-25 00:00:00",annually,annually,9,9952,1932,4711
"2021-02-19 00:00:00","2021-11-18 00:00:00","2021-01-28 23:44:54","2021-06-27 14:06:55","2021-02-25 00:00:00","2021-11-27 00:00:00","2021-02-25 02:00:00","2021-11-27 00:00:00",monthly,monthly,122,6408,1976,4719
NULL,NULL,"2021-01-28 23:46:06","2021-06-29 03:03:37","2021-03-03 00:00:00","2021-08-02 00:00:00","2021-02-27 02:00:00","2021-07-29 00:00:00",monthly,monthly,118,3367,2216,4728
NULL,"2021-12-27 00:00:00","2021-01-28 23:44:53","2021-06-30 14:19:35","2021-06-25 00:00:00","2021-12-30 00:00:00","2021-06-21 00:00:00","2021-12-30 00:00:00",monthly,monthly,5,5791,1363,4737
NULL,NULL,"2021-03-02 20:36:58","2021-07-01 00:14:47","2021-06-06 00:00:00","2021-09-05 00:00:00","2021-06-02 00:00:00","2021-09-01 00:00:00",monthly,monthly,25,2943,3532,4739
NULL,NULL,"2021-01-28 23:44:54","2021-07-01 07:40:02","2021-06-26 00:00:00",NULL,"2021-06-17 03:00:00","2023-07-01 00:00:00",annually,annually,5,18868,1890,4742
NULL,NULL,"2021-04-11 10:34:14","2021-07-03 08:36:11","2021-06-15 00:00:00","2021-08-07 00:00:00","2021-06-11 00:00:00","2021-08-03 00:00:00",monthly,monthly,18,148901,4016,4751
"2021-05-27 00:00:00","2021-07-05 00:00:00","2021-05-26 18:20:35","2021-07-05 19:50:20","2021-06-01 00:00:00","2021-08-05 00:00:00","2022-05-26 00:00:00","2021-08-05 00:00:00",annually,monthly,34,156080,4333,4768
"2021-03-17 00:00:00","2021-11-13 00:00:00","2021-01-28 23:46:34","2021-07-13 21:27:01","2021-04-05 00:00:00","2021-12-13 00:00:00","2021-04-05 03:00:00","2021-12-13 00:00:00",annually,monthly,99,5684,3071,4825
"2020-07-08 03:00:00","2022-07-14 00:00:00","2021-01-28 23:44:54","2021-07-14 15:41:36","2021-07-08 00:00:00","2022-07-14 00:00:00","2021-07-08 03:00:00","2023-07-14 00:00:00",annually,annually,6,2324,1748,4829
"2021-06-04 00:00:00",NULL,"2021-03-17 12:02:03","2021-07-21 01:02:20","2021-06-09 00:00:00",NULL,"2022-05-17 00:00:00","2023-07-21 00:00:00",annually,annually,42,147005,3694,4890
"2021-04-27 00:00:00",NULL,"2021-01-28 23:46:06","2021-07-23 19:22:12","2021-04-28 00:00:00",NULL,"2021-04-28 03:00:00","2023-07-23 00:00:00",annually,annually,86,8018,2137,4927
"2021-05-03 00:00:00","2022-07-25 00:00:00","2021-05-01 23:12:15","2021-07-23 23:58:53","2021-06-01 00:00:00","2023-07-23 00:00:00","2021-06-01 00:00:00","2023-07-23 00:00:00",annually,annually,52,150819,4163,4934
NULL,NULL,"2021-01-28 23:44:54","2021-07-24 22:49:10","2021-06-10 00:00:00","2021-09-28 00:00:00","2021-06-01 03:00:00","2021-09-24 00:00:00",annually,monthly,44,3297,1958,4944
NULL,NULL,"2021-06-10 10:56:23","2021-07-26 21:27:06","2021-07-20 00:00:00","2021-08-30 00:00:00","2021-07-10 00:00:00","2021-08-26 00:00:00",monthly,monthly,6,157184,4625,4996
NULL,NULL,"2021-07-18 02:47:39","2021-07-28 13:58:46","2021-07-22 00:00:00","2022-07-28 00:00:00","2021-08-18 00:00:00","2023-10-28 00:00:00",monthly,annually,6,160452,4852,5023
"2021-07-20 00:00:00",NULL,"2021-06-23 19:56:23","2021-07-29 01:59:37","2021-07-23 00:00:00",NULL,"2021-07-23 00:00:00","2023-07-29 00:00:00",monthly,annually,6,8974,4702,5044
"2021-07-03 00:00:00",NULL,"2021-01-28 23:44:54","2021-07-29 02:47:40","2021-07-09 00:00:00",NULL,"2021-07-09 03:00:00","2023-07-29 00:00:00",annually,annually,20,5211,1704,5046
"2021-06-13 00:00:00","2021-08-11 00:00:00","2021-01-28 23:44:53","2021-07-30 04:29:16","2021-07-11 00:00:00","2021-08-30 00:00:00","2021-07-11 00:00:00","2021-08-30 00:00:00",monthly,monthly,19,11402,1152,5062
NULL,NULL,"2021-03-12 05:20:06","2021-07-31 02:50:55","2021-03-16 00:00:00","2021-08-02 00:00:00","2022-03-12 00:00:00","2022-07-31 00:00:00",annually,annually,137,146547,3620,5065
NULL,NULL,"2021-01-28 23:46:06","2021-08-02 17:00:46","2021-04-30 00:00:00","2022-08-11 00:00:00","2021-04-21 03:00:00","2022-08-02 00:00:00",annually,annually,94,2512,2543,5078
NULL,"2022-01-08 00:00:00","2021-06-01 07:29:31","2021-08-08 15:22:23","2021-08-05 00:00:00","2022-02-08 00:00:00","2021-08-01 00:00:00","2022-02-08 00:00:00",monthly,monthly,3,156561,4488,5119
NULL,"2022-08-17 00:00:00","2021-04-06 10:47:19","2021-08-12 15:25:54","2021-08-10 00:00:00","2023-08-12 00:00:00","2021-08-06 00:00:00","2023-08-12 00:00:00",annually,annually,2,148467,3979,5137
"2021-08-03 00:00:00","2021-10-04 00:00:00","2021-07-03 16:23:35","2021-08-16 17:42:39","2021-08-04 00:00:00","2021-10-16 00:00:00","2021-09-03 00:00:00","2021-10-16 00:00:00",monthly,monthly,12,159058,4752,5151
NULL,"2021-08-16 00:00:00","2021-07-05 20:28:08","2021-08-16 20:12:21","2021-08-09 00:00:00","2021-09-16 00:00:00","2021-08-05 00:00:00","2021-09-16 00:00:00",monthly,monthly,7,158315,4769,5152
"2021-01-14 02:00:00",NULL,"2021-01-28 23:46:34","2021-08-19 10:42:28","2021-02-13 00:00:00",NULL,"2021-02-13 02:00:00","2023-08-19 00:00:00",monthly,annually,187,6808,3139,5180
NULL,NULL,"2021-01-28 23:44:54","2021-08-23 14:25:28","2021-06-22 00:00:00","2022-09-01 00:00:00","2021-06-12 03:00:00","2022-08-23 00:00:00",annually,annually,62,17547,1911,5214
"2021-04-09 00:00:00",NULL,"2021-01-28 23:46:06","2021-08-23 14:44:23","2021-04-18 00:00:00",NULL,"2021-04-18 03:00:00","2023-08-23 00:00:00",annually,annually,127,709,2673,5215
"2021-02-20 00:00:00",NULL,"2021-01-28 23:44:10","2021-08-23 14:56:43","2021-03-03 00:00:00",NULL,"2021-03-03 00:00:00","2023-08-23 00:00:00",monthly,annually,173,1362,612,5216
NULL,NULL,"2021-01-28 23:46:06","2021-08-23 15:28:45","2021-05-01 00:00:00","2022-09-01 00:00:00","2021-04-22 03:00:00","2022-08-23 00:00:00",annually,annually,114,2295,2478,5218
"2021-07-28 00:00:00","2022-03-28 00:00:00","2021-01-28 23:44:53","2021-08-23 15:52:25","2021-08-18 00:00:00","2022-11-23 00:00:00","2021-08-18 03:00:00","2022-11-23 00:00:00",annually,annually,5,3822,1530,5219
"2021-07-03 00:00:00",NULL,"2021-01-28 23:44:54","2021-08-23 16:19:41","2021-07-09 00:00:00","2022-09-01 00:00:00","2021-07-09 03:00:00","2022-08-23 00:00:00",annually,annually,45,19597,1724,5220
"2020-03-02 02:00:00","2021-08-23 00:00:00","2021-01-28 23:46:34","2021-08-23 23:35:33","2021-03-01 00:00:00","2022-11-23 00:00:00","2021-03-02 02:00:00","2023-11-23 00:00:00",annually,annually,175,15328,3150,5223
NULL,NULL,"2021-01-28 23:46:34","2021-08-24 00:28:10","2021-03-18 00:00:00",NULL,"2021-03-09 02:00:00","2023-08-24 00:00:00",annually,annually,159,1661,3143,5224
NULL,NULL,"2021-01-28 23:44:54","2021-08-24 22:54:28","2021-07-19 00:00:00","2022-08-24 00:00:00","2021-07-15 03:00:00","2023-08-24 00:00:00",annually,annually,36,1693,1644,5231
NULL,"2022-02-27 00:00:00","2021-02-14 10:03:40","2021-08-25 11:07:57","2021-03-01 00:00:00","2022-08-25 00:00:00","2022-02-14 00:00:00","2022-08-25 00:00:00",annually,annually,177,143655,3363,5237
NULL,NULL,"2021-01-28 23:46:34","2021-08-25 21:09:50","2021-04-21 00:00:00",NULL,"2021-04-12 03:00:00","2023-08-25 00:00:00",annually,annually,126,86545,2977,5244
"2021-02-10 00:00:00",NULL,"2021-01-28 23:44:10","2021-08-25 23:39:23","2021-02-14 00:00:00","2022-08-26 00:00:00","2021-02-14 02:00:00","2022-08-25 00:00:00",monthly,annually,192,3195,255,5247
NULL,NULL,"2021-01-28 23:46:06","2021-08-26 11:14:55","2021-04-23 00:00:00",NULL,"2021-04-14 03:00:00","2023-08-26 00:00:00",annually,annually,125,13464,2933,5252
NULL,NULL,"2021-01-28 23:46:06","2021-08-26 13:08:18","2021-04-24 00:00:00",NULL,"2021-04-15 03:00:00","2023-08-26 00:00:00",annually,annually,124,9380,2884,5254
"2021-03-16 00:00:00",NULL,"2021-01-28 23:46:06","2021-08-26 16:38:42","2021-04-16 00:00:00","2022-08-26 00:00:00","2021-04-16 03:00:00","2022-08-26 00:00:00",annually,annually,132,10504,2804,5260
"2021-02-12 00:00:00",NULL,"2021-01-28 23:44:54","2021-08-26 22:45:31","2021-07-05 00:00:00",NULL,"2021-07-05 03:00:00","2023-08-26 00:00:00",annually,annually,52,12330,1797,5262
"2021-04-25 00:00:00",NULL,"2021-01-28 23:44:54","2021-08-26 22:47:03","2021-05-25 00:00:00",NULL,"2021-05-25 03:00:00","2023-08-26 00:00:00",annually,annually,93,6363,1977,5263
"2021-04-03 00:00:00",NULL,"2021-01-28 23:46:06","2021-08-26 23:27:28","2021-04-23 00:00:00",NULL,"2021-04-23 03:00:00","2023-08-26 00:00:00",annually,annually,125,4371,2365,5264
"2021-04-18 00:00:00",NULL,"2021-01-28 23:46:06","2021-08-27 03:19:25","2021-04-21 00:00:00",NULL,"2021-04-21 03:00:00","2023-08-27 00:00:00",annually,annually,128,7568,2552,5266
"2021-02-06 00:00:00",NULL,"2021-01-28 23:46:06","2021-08-27 06:36:57","2021-04-15 00:00:00",NULL,"2021-04-15 03:00:00","2023-08-27 00:00:00",annually,annually,134,14347,2888,5268
"2021-04-22 00:00:00","2021-08-30 00:00:00","2021-01-28 23:46:06","2021-08-27 08:02:21","2021-04-29 00:00:00","2022-08-27 00:00:00","2021-04-29 03:00:00","2022-08-27 00:00:00",annually,annually,120,8791,2079,5270
NULL,NULL,"2021-01-28 23:46:34","2021-08-27 08:15:17","2021-04-13 00:00:00","2022-09-05 00:00:00","2021-04-04 03:00:00","2022-08-27 00:00:00",annually,annually,136,2807,3081,5273
"2021-03-17 00:00:00",NULL,"2021-01-28 23:46:06","2021-08-27 09:27:16","2021-04-17 00:00:00",NULL,"2021-04-17 03:00:00","2023-08-27 00:00:00",annually,annually,132,2243,2735,5274
NULL,NULL,"2021-01-28 23:46:06","2021-08-27 12:04:18","2021-04-28 00:00:00",NULL,"2021-04-24 03:00:00","2023-08-27 00:00:00",annually,annually,121,9112,2288,5277
"2021-08-06 00:00:00","2022-11-22 00:00:00","2021-07-06 02:49:58","2021-08-27 12:19:40","2021-08-06 00:00:00","2022-11-27 00:00:00","2021-08-06 00:00:00","2022-11-27 00:00:00",monthly,annually,21,159359,4771,5278
"2021-08-07 00:00:00","2022-07-22 00:00:00","2021-07-16 10:01:08","2021-08-27 12:57:14","2021-08-16 00:00:00","2022-08-27 00:00:00","2021-08-16 00:00:00","2022-08-27 00:00:00",monthly,annually,11,160705,4842,5279
NULL,NULL,"2021-01-28 23:44:54","2021-08-27 13:58:18","2021-07-30 00:00:00",NULL,"2021-07-09 03:00:00","2023-08-27 00:00:00",annually,annually,28,9409,1731,5283
NULL,NULL,"2021-05-30 19:30:58","2021-08-29 19:50:56","2021-07-05 00:00:00","2021-10-03 00:00:00","2021-06-30 00:00:00","2021-09-29 00:00:00",monthly,monthly,55,29303,4419,5298
"2021-06-28 00:00:00",NULL,"2021-01-28 23:44:54","2021-08-30 16:18:01","2021-07-27 00:00:00","2022-09-08 00:00:00","2021-07-27 00:00:00","2022-08-30 00:00:00",monthly,annually,34,2764,1585,5309
NULL,"2022-11-30 00:00:00","2021-01-28 23:46:34","2021-08-31 02:13:19","2021-04-06 00:00:00","2023-11-30 00:00:00","2021-03-31 03:00:00","2023-11-30 00:00:00",annually,annually,147,2495,3112,5319
"2021-07-29 00:00:00","2022-08-30 00:00:00","2021-01-28 23:44:53","2021-08-31 15:33:45","2021-08-03 00:00:00","2022-08-31 00:00:00","2021-08-03 03:00:00","2022-08-31 00:00:00",annually,annually,28,13538,1565,5329
NULL,NULL,"2021-03-30 20:03:15","2021-08-31 18:47:00","2021-04-23 00:00:00",NULL,"2022-03-30 00:00:00","2023-02-01 00:00:00",annually,annually,130,146990,3926,5331
"2021-08-21 00:00:00","2021-09-27 00:00:00","2021-07-26 10:09:36","2021-09-01 13:27:35","2021-08-26 00:00:00","2021-10-01 00:00:00","2021-08-26 00:00:00","2021-10-01 00:00:00",monthly,monthly,6,161118,4981,5341
"2021-08-04 00:00:00","2021-11-03 00:00:00","2021-04-07 09:41:22","2021-09-02 08:33:26","2021-08-07 00:00:00","2021-12-02 00:00:00","2021-08-07 00:00:00","2021-12-02 00:00:00",monthly,monthly,26,148222,3984,5345
NULL,NULL,"2021-07-23 20:49:41","2021-09-07 23:46:12","2021-08-27 00:00:00","2021-10-11 00:00:00","2021-08-23 00:00:00","2021-10-07 00:00:00",monthly,monthly,11,161362,4930,5375
NULL,NULL,"2021-01-28 23:44:54","2021-09-09 14:41:46","2021-08-03 00:00:00",NULL,"2021-07-23 03:00:00","2023-09-09 00:00:00",annually,annually,37,3698,1593,5383
"2021-02-03 00:00:00","2021-09-19 00:00:00","2021-02-03 06:06:52","2021-09-19 05:46:05","2021-03-03 00:00:00","2021-10-19 00:00:00","2021-03-03 00:00:00","2021-10-19 00:00:00",monthly,monthly,200,143714,3264,5424
NULL,NULL,"2021-01-28 23:44:53","2021-09-21 11:11:19","2021-09-18 00:00:00","2022-09-30 00:00:00","2021-09-09 03:00:00","2022-09-21 00:00:00",annually,annually,3,3291,1451,5443
"2021-05-25 00:00:00","2022-05-09 00:00:00","2021-02-24 03:52:49","2021-09-24 00:57:12","2021-05-25 00:00:00","2022-05-24 00:00:00","2021-06-24 00:00:00","2022-05-24 00:00:00",monthly,monthly,122,145484,3462,5469
"2021-02-07 00:00:00","2021-11-21 00:00:00","2021-01-28 23:44:10","2021-09-24 01:38:03","2021-03-07 00:00:00","2021-11-24 00:00:00","2021-03-07 00:00:00","2021-11-24 00:00:00",monthly,monthly,201,3880,557,5470
"2021-09-12 00:00:00","2021-10-03 00:00:00","2021-09-12 15:27:31","2021-09-25 13:23:03","2021-09-15 00:00:00","2021-10-25 00:00:00","2022-09-12 00:00:00","2021-10-25 00:00:00",annually,monthly,10,169259,5398,5490
"2020-04-21 03:00:00","2021-09-26 00:00:00","2021-01-28 23:46:06","2021-09-26 11:38:04","2021-04-17 00:00:00","2022-09-26 00:00:00","2021-04-18 03:00:00","2022-09-26 00:00:00",annually,annually,162,23504,2681,5503
NULL,"2022-10-20 00:00:00","2021-07-14 20:35:17","2021-09-26 17:23:09","2021-07-19 00:00:00","2022-10-21 00:00:00","2022-07-14 00:00:00","2023-09-26 00:00:00",annually,annually,69,159621,4832,5511
"2021-08-06 00:00:00","2021-10-26 00:00:00","2021-06-07 13:31:48","2021-09-26 23:46:12","2021-08-07 00:00:00","2021-11-26 00:00:00","2021-08-07 00:00:00","2021-11-26 00:00:00",monthly,monthly,50,156167,4612,5516
NULL,NULL,"2021-01-28 23:44:10","2021-09-27 10:16:54","2021-03-23 00:00:00","2021-12-01 00:00:00","2021-03-19 00:00:00","2021-11-27 00:00:00",monthly,monthly,188,2134,147,5528
NULL,"2022-10-15 00:00:00","2021-05-31 11:32:20","2021-09-27 19:26:18","2021-06-09 00:00:00","2022-12-27 00:00:00","2022-05-31 00:00:00","2022-12-27 00:00:00",annually,annually,110,156467,4451,5548
"2021-09-25 00:00:00","2021-10-30 00:00:00","2021-08-26 06:40:50","2021-09-29 05:59:56","2021-09-26 00:00:00","2021-10-29 00:00:00","2021-09-26 00:00:00","2021-10-29 00:00:00",monthly,monthly,3,165801,5248,5571
NULL,NULL,"2021-01-28 23:46:06","2021-10-01 03:10:22","2021-04-25 00:00:00","2022-09-05 00:00:00","2021-04-16 03:00:00","2022-09-01 00:00:00",annually,monthly,159,5554,2846,5597
NULL,NULL,"2021-01-30 02:26:09","2021-10-03 21:13:15","2021-04-01 00:00:00","2022-07-07 00:00:00","2021-03-28 00:00:00","2022-07-03 00:00:00",monthly,monthly,185,143454,3211,5607
NULL,NULL,"2021-08-20 05:18:53","2021-10-04 17:23:45","2021-09-25 00:00:00","2021-11-08 00:00:00","2021-09-20 00:00:00","2021-11-04 00:00:00",annually,monthly,9,160122,5192,5614
"2021-07-17 00:00:00","2021-10-17 00:00:00","2021-07-08 16:55:39","2021-10-11 12:30:01","2021-08-08 00:00:00","2021-11-11 00:00:00","2021-08-08 00:00:00","2021-11-11 00:00:00",monthly,monthly,64,159207,4792,5657
NULL,NULL,"2021-01-28 23:46:06","2021-10-12 10:38:10","2021-05-10 00:00:00","2021-12-16 00:00:00","2021-05-01 03:00:00","2021-12-12 00:00:00",annually,monthly,155,2167,2061,5680
NULL,NULL,"2021-01-28 23:44:53","2021-10-13 06:26:33","2021-10-11 00:00:00","2022-10-22 00:00:00","2021-10-02 03:00:00","2022-10-13 00:00:00",annually,annually,2,3857,1185,5686
"2021-07-03 00:00:00","2021-11-16 00:00:00","2021-06-10 15:58:14","2021-10-15 01:34:00","2021-07-10 00:00:00","2021-12-15 00:00:00","2021-07-10 00:00:00","2021-12-15 00:00:00",monthly,monthly,97,157202,4628,5702
NULL,NULL,"2021-08-05 09:55:10","2021-10-15 09:58:05","2021-10-09 00:00:00","2022-01-19 00:00:00","2021-10-05 00:00:00","2022-01-15 00:00:00",annually,annually,6,162207,5096,5706
NULL,"2021-11-25 00:00:00","2021-01-28 23:46:34","2021-10-15 12:07:34","2021-10-13 00:00:00","2021-12-15 00:00:00","2021-10-09 00:00:00","2021-12-15 00:00:00",monthly,monthly,2,6656,3013,5708
NULL,"2022-05-27 00:00:00","2021-04-10 18:02:41","2021-10-26 07:54:47","2021-07-20 00:00:00","2022-11-26 00:00:00","2021-07-10 00:00:00","2022-11-26 00:00:00",monthly,annually,98,3272,4012,5734
"2021-03-18 00:00:00","2022-09-07 00:00:00","2021-03-18 15:39:22","2021-11-01 22:52:29","2021-03-22 00:00:00","2022-11-01 00:00:00","2022-03-18 00:00:00","2022-11-01 00:00:00",annually,annually,224,147116,3753,5745
"2021-09-06 00:00:00","2021-11-07 00:00:00","2021-08-06 18:29:58","2021-11-06 15:13:51","2021-10-06 00:00:00","2021-12-06 00:00:00","2021-10-06 00:00:00","2021-12-06 00:00:00",monthly,monthly,31,151556,5106,5750
"2021-03-17 00:00:00",NULL,"2021-01-28 23:46:06","2021-11-22 19:24:12","2021-04-15 00:00:00",NULL,"2021-04-15 03:00:00","2023-02-22 00:00:00",annually,annually,221,3577,2871,5871
"2021-07-06 00:00:00",NULL,"2021-04-07 19:31:15","2021-11-24 01:51:15","2021-07-07 00:00:00",NULL,"2021-07-07 00:00:00","2023-11-24 00:00:00",monthly,annually,140,2591,3987,5985
"2021-09-14 00:00:00","2022-03-02 00:00:00","2021-07-16 01:25:07","2021-11-24 02:53:17","2021-09-16 00:00:00","2022-03-24 00:00:00","2021-09-16 00:00:00","2022-03-24 00:00:00",monthly,monthly,69,160562,4838,5990
"2021-08-08 00:00:00","2022-08-23 00:00:00","2021-01-28 23:44:53","2021-11-24 17:39:23","2021-09-07 00:00:00","2022-11-24 00:00:00","2021-09-07 03:00:00","2022-11-24 00:00:00",annually,annually,78,1928,1462,6041
NULL,NULL,"2021-01-28 23:44:53","2021-11-24 17:48:59","2021-10-10 00:00:00",NULL,"2021-10-01 03:00:00","2023-11-24 00:00:00",annually,annually,45,4054,1217,6042
NULL,NULL,"2021-01-28 23:46:06","2021-11-25 19:26:32","2021-04-26 00:00:00","2022-12-04 00:00:00","2021-04-17 03:00:00","2022-11-25 00:00:00",annually,annually,213,1235,2715,6124
"2021-04-10 00:00:00",NULL,"2021-01-28 23:46:06","2021-11-25 20:19:39","2021-04-17 00:00:00","2022-12-04 00:00:00","2021-04-17 03:00:00","2022-11-25 00:00:00",annually,annually,222,5749,2712,6127
"2021-04-09 00:00:00","2022-11-23 00:00:00","2021-01-28 23:46:06","2021-11-25 21:11:37","2021-04-16 00:00:00","2022-11-25 00:00:00","2021-04-16 03:00:00","2022-11-25 00:00:00",annually,annually,223,11793,2766,6129
"2021-04-12 00:00:00","2021-12-29 00:00:00","2021-01-28 23:46:06","2021-11-26 12:57:23","2021-04-15 00:00:00","2022-01-26 00:00:00","2021-04-15 03:00:00","2022-01-26 00:00:00",annually,monthly,225,1867,2872,6171
"2021-01-22 02:00:00",NULL,"2021-01-28 23:44:53","2021-11-26 18:47:18","2021-02-11 00:00:00",NULL,"2021-02-11 02:00:00","2023-02-26 00:00:00",monthly,annually,288,1221,1443,6207
NULL,NULL,"2021-07-25 21:28:00","2021-11-27 06:49:57","2021-08-16 00:00:00",NULL,"2022-07-25 00:00:00","2023-02-27 00:00:00",annually,annually,103,27787,4969,6268
"2021-03-22 00:00:00","2023-01-09 00:00:00","2021-02-13 08:23:06","2021-11-27 06:57:16","2021-04-13 00:00:00","2023-02-27 00:00:00","2021-04-13 00:00:00","2023-02-27 00:00:00",monthly,annually,228,12284,3356,6269
"2021-05-20 00:00:00",NULL,"2021-01-28 23:44:54","2021-11-27 23:38:53","2021-05-23 00:00:00",NULL,"2021-05-23 03:00:00","2023-02-27 00:00:00",annually,annually,188,5143,1979,6347
NULL,NULL,"2021-06-24 22:13:53","2021-11-29 12:32:38","2021-10-28 00:00:00","2022-05-02 00:00:00","2021-10-24 00:00:00","2022-04-28 00:00:00",monthly,monthly,32,158105,4710,6693
NULL,NULL,"2021-01-28 23:46:06","2021-11-29 13:17:59","2021-04-28 00:00:00","2022-12-08 00:00:00","2021-04-19 03:00:00","2022-11-29 00:00:00",annually,annually,215,10690,2608,6715
"2021-09-23 00:00:00",NULL,"2021-01-28 23:44:53","2021-11-29 14:26:49","2021-09-24 00:00:00",NULL,"2021-09-24 03:00:00","2024-02-29 00:00:00",annually,annually,66,8539,1287,6740
"2021-05-29 00:00:00","2022-11-29 00:00:00","2021-05-29 19:07:41","2021-11-29 16:22:49","2021-06-29 00:00:00","2022-11-29 00:00:00","2021-06-29 00:00:00","2023-11-29 00:00:00",monthly,annually,153,148670,4392,6767
NULL,NULL,"2021-01-28 23:46:06","2021-11-29 17:11:45","2021-05-02 00:00:00","2022-12-08 00:00:00","2021-04-23 03:00:00","2022-11-29 00:00:00",annually,annually,211,9754,2388,6772
"2021-06-09 00:00:00",NULL,"2021-01-28 23:44:54","2021-11-29 23:25:55","2021-07-09 00:00:00",NULL,"2021-07-09 03:00:00","2023-11-29 00:00:00",annually,annually,143,5509,1736,6798
"2021-09-27 00:00:00",NULL,"2021-01-28 23:44:53","2021-11-30 21:27:41","2021-10-01 00:00:00",NULL,"2021-10-01 03:00:00","2023-11-30 00:00:00",annually,annually,60,142965,1196,6849
"2021-01-26 02:00:00",NULL,"2021-01-28 23:44:54","2021-12-01 23:49:54","2021-06-15 00:00:00",NULL,"2021-06-15 03:00:00","2023-03-01 00:00:00",annually,annually,169,1016,1901,6957
"2021-11-11 00:00:00",NULL,"2021-01-28 23:44:10","2021-12-02 04:33:27","2021-11-28 00:00:00",NULL,"2021-11-28 02:00:00","2023-12-02 00:00:00",annually,annually,4,6623,792,6984
NULL,"2022-07-29 00:00:00","2021-01-28 23:46:06","2021-12-03 12:19:10","2021-10-20 00:00:00","2022-08-03 00:00:00","2021-10-16 00:00:00","2022-08-03 00:00:00",monthly,monthly,44,10393,2828,7027
"2021-09-20 00:00:00","2022-12-03 00:00:00","2021-08-16 21:50:54","2021-12-03 13:02:24","2021-10-16 00:00:00","2022-12-05 00:00:00","2021-10-16 00:00:00","2023-12-03 00:00:00",monthly,annually,48,163884,5153,7028
NULL,NULL,"2021-09-11 12:24:08","2021-12-05 02:30:43","2021-10-15 00:00:00","2022-02-09 00:00:00","2021-10-11 00:00:00","2022-02-05 00:00:00",monthly,monthly,51,158724,5393,7038
NULL,NULL,"2021-01-28 23:46:06","2021-12-05 03:59:08","2021-05-01 00:00:00","2022-12-14 00:00:00","2021-04-22 03:00:00","2022-12-05 00:00:00",annually,annually,218,7790,2425,7039
NULL,NULL,"2021-01-28 23:46:06","2021-12-10 02:00:17","2021-05-06 00:00:00","2022-01-14 00:00:00","2021-04-27 03:00:00","2022-01-10 00:00:00",annually,monthly,218,14463,2180,7071
NULL,"2022-01-19 00:00:00","2021-05-22 21:38:58","2021-12-18 20:53:17","2021-06-23 00:00:00","2022-02-18 00:00:00","2021-06-22 00:00:00","2022-02-18 00:00:00",monthly,monthly,178,7437,4295,7128
NULL,"2022-01-04 00:00:00","2021-05-09 17:12:00","2021-12-20 14:45:24","2021-10-11 00:00:00","2022-01-20 00:00:00","2022-10-09 00:00:00","2022-01-20 00:00:00",annually,monthly,70,152766,4212,7137
"2021-10-17 00:00:00","2022-01-31 00:00:00","2021-04-10 07:33:32","2022-01-06 11:18:17","2021-10-18 00:00:00","2022-02-06 00:00:00","2022-10-10 00:00:00","2022-02-06 00:00:00",annually,monthly,80,148786,4008,7278
NULL,"2022-04-27 00:00:00","2021-01-28 23:44:10","2022-01-06 18:35:14","2021-12-11 00:00:00","2022-05-06 00:00:00","2021-12-02 02:00:00","2022-05-06 00:00:00",annually,monthly,26,4160,618,7280
NULL,NULL,"2021-08-19 07:04:25","2022-01-07 12:24:03","2021-12-23 00:00:00","2022-02-11 00:00:00","2021-12-19 00:00:00","2022-02-07 00:00:00",monthly,monthly,15,164356,5178,7283
"2021-10-16 00:00:00",NULL,"2021-01-28 23:44:54","2022-01-11 17:43:38","2021-10-14 00:00:00","2023-01-20 00:00:00","2021-10-14 00:00:00","2023-01-11 00:00:00",annually,annually,89,8095,1662,7326
NULL,NULL,"2021-01-28 23:46:06","2022-01-12 19:49:41","2021-05-13 00:00:00","2023-01-21 00:00:00","2021-05-04 03:00:00","2023-01-12 00:00:00",annually,annually,244,2555,2053,7345
"2021-06-30 00:00:00",NULL,"2021-06-03 09:57:09","2022-01-13 10:05:53","2021-07-01 00:00:00","2022-02-13 00:00:00","2022-06-03 00:00:00","2022-02-13 00:00:00",annually,monthly,196,156716,4550,7349
NULL,NULL,"2021-01-28 23:44:10","2022-01-14 13:21:51","2021-12-12 00:00:00","2023-01-23 00:00:00","2021-12-03 02:00:00","2023-01-14 00:00:00",annually,annually,33,1426,595,7358
"2021-11-27 00:00:00",NULL,"2021-01-28 23:44:10","2022-01-16 20:27:04","2021-11-26 00:00:00","2022-02-20 00:00:00","2021-11-26 02:00:00","2022-02-16 00:00:00",annually,monthly,51,7538,860,7381
"2021-07-22 00:00:00",NULL,"2021-02-22 00:52:31","2022-01-17 19:40:37","2021-07-22 00:00:00",NULL,"2021-07-22 00:00:00","2024-01-17 00:00:00",monthly,annually,179,145311,3431,7394
NULL,"2022-04-18 00:00:00","2021-04-29 12:18:05","2022-01-20 21:52:13","2021-12-03 00:00:00","2022-04-20 00:00:00","2021-11-29 00:00:00","2022-04-20 00:00:00",monthly,monthly,48,151575,4144,7458
"2021-08-07 00:00:00","2022-11-28 00:00:00","2021-01-28 23:44:53","2022-01-23 11:45:01","2021-09-07 00:00:00","2023-01-23 00:00:00","2021-09-07 03:00:00","2023-01-23 00:00:00",annually,annually,138,13006,1460,7502
NULL,NULL,"2021-01-28 23:44:10","2022-01-26 11:53:31","2021-12-12 00:00:00",NULL,"2021-12-03 02:00:00","2023-01-26 00:00:00",annually,annually,45,3852,609,7573
"2021-11-29 00:00:00",NULL,"2021-01-28 23:44:10","2022-01-26 17:34:24","2021-11-30 00:00:00",NULL,"2021-11-30 02:00:00","2024-01-26 00:00:00",annually,annually,57,7142,671,7582
"2021-03-16 00:00:00",NULL,"2021-01-28 23:46:06","2022-01-27 03:51:52","2021-04-22 00:00:00",NULL,"2021-04-22 03:00:00","2023-06-17 00:00:00",annually,annually,280,1581,2448,7598
"2021-11-28 00:00:00",NULL,"2021-01-28 23:44:10","2022-01-27 06:02:36","2021-11-28 00:00:00",NULL,"2021-11-28 02:00:00","2023-04-27 00:00:00",annually,annually,60,7329,785,7600
"2021-12-03 00:00:00","2022-02-18 00:00:00","2021-01-28 23:44:53","2022-01-28 16:03:28","2021-12-09 00:00:00","2022-02-28 00:00:00","2021-12-09 00:00:00","2022-02-28 00:00:00",annually,monthly,50,987,1449,7695
NULL,NULL,"2021-01-28 23:44:10","2022-02-01 10:48:48","2022-01-30 00:00:00",NULL,"2022-01-21 02:00:00","2023-02-01 00:00:00",annually,annually,2,1538,95,7712
NULL,NULL,"2021-07-05 18:15:26","2022-02-05 17:18:44","2021-11-09 00:00:00","2022-03-09 00:00:00","2021-11-05 00:00:00","2022-03-05 00:00:00",annually,monthly,88,159101,4766,7749
"2021-05-22 00:00:00","2022-03-20 05:50:28","2021-01-28 23:44:10","2022-02-10 03:16:38","2021-06-06 00:00:00","2022-04-10 03:21:01","2021-06-06 00:00:00","2022-03-10 03:16:38",monthly,monthly,249,3728,358,7804
"2021-02-12 00:00:00",NULL,"2021-02-12 16:08:43","2022-02-14 15:26:18","2022-02-12 00:00:00",NULL,"2022-02-12 00:00:00","2023-02-14 15:26:18",annually,annually,2,144644,3350,7834
"2021-03-25 00:00:00",NULL,"2021-01-28 23:46:34","2022-02-14 17:23:19","2021-04-01 00:00:00",NULL,"2021-04-01 03:00:00","2023-02-14 17:23:19",annually,annually,319,3236,3108,7836
"2021-03-29 00:00:00",NULL,"2021-01-28 23:46:34","2022-02-14 18:35:42","2021-04-05 00:00:00",NULL,"2021-04-05 03:00:00","2023-02-14 18:35:42",annually,annually,315,10422,3069,7837
"2021-08-12 00:00:00",NULL,"2021-01-28 23:44:53","2022-02-14 18:57:32","2021-08-30 00:00:00",NULL,"2021-08-30 03:00:00","2023-02-14 18:57:32",annually,annually,168,3984,1496,7838
NULL,NULL,"2021-01-28 23:44:53","2022-02-15 13:05:29","2022-02-06 00:00:00",NULL,"2022-02-02 00:00:00","2023-02-15 13:05:29",monthly,annually,9,5955,1184,7852
NULL,NULL,"2021-01-30 15:47:35","2022-02-16 14:28:09","2022-02-01 00:00:00",NULL,"2022-01-30 00:00:00","2023-02-16 14:28:09",annually,annually,15,143510,3216,7864
NULL,NULL,"2021-01-28 23:44:10","2022-02-16 15:37:18","2021-12-05 00:00:00",NULL,"2021-12-04 02:00:00","2023-02-16 15:37:18",annually,annually,73,6773,575,7866
NULL,NULL,"2021-01-28 23:44:10","2022-02-16 16:33:34","2021-11-30 00:00:00",NULL,"2021-11-21 02:00:00","2023-02-16 16:33:34",annually,annually,78,4795,948,7868
NULL,NULL,"2021-06-29 09:41:23","2022-02-16 19:52:31","2021-09-02 00:00:00",NULL,"2021-08-29 00:00:00","2023-02-16 19:52:31",monthly,annually,167,158463,4729,7873
NULL,NULL,"2021-01-28 23:44:10","2022-02-16 20:44:03","2022-01-30 00:00:00",NULL,"2022-01-21 02:00:00","2023-02-16 20:44:03",annually,annually,17,1809,88,7874
NULL,NULL,"2021-01-28 23:44:10","2022-02-16 22:45:08","2022-01-21 00:00:00",NULL,"2023-01-21 00:00:00","2023-02-16 22:45:08",annually,annually,26,1754,94,7875
"2021-03-19 00:00:00",NULL,"2021-01-28 23:46:06","2022-02-17 03:00:33","2021-04-18 00:00:00",NULL,"2021-04-18 03:00:00","2023-02-17 03:00:33",annually,annually,305,6618,2654,7876
"2021-11-29 00:00:00",NULL,"2021-01-28 23:44:10","2022-02-17 04:16:09","2022-01-14 00:00:00",NULL,"2022-01-14 02:00:00","2023-02-17 04:16:09",annually,annually,34,2741,235,7878
"2021-08-24 00:00:00","2022-12-16 09:37:58","2021-01-28 23:44:53","2022-02-17 06:07:34","2021-09-24 00:00:00","2023-02-17 06:07:34","2021-09-24 03:00:00","2023-02-17 06:07:34",annually,annually,146,5389,1291,7880
"2021-10-07 00:00:00",NULL,"2021-01-28 23:44:54","2022-02-17 06:09:42","2021-10-08 00:00:00",NULL,"2021-10-08 00:00:00","2023-02-17 06:09:42",annually,annually,132,5774,1753,7881
NULL,NULL,"2021-01-28 23:46:06","2022-02-17 06:42:44","2021-04-30 00:00:00",NULL,"2021-04-21 03:00:00","2023-02-17 06:42:44",annually,annually,293,22364,2505,7882
"2021-02-11 00:00:00",NULL,"2021-01-28 23:44:10","2022-02-17 07:29:58","2021-12-04 00:00:00",NULL,"2021-12-04 02:00:00","2023-02-17 07:29:58",annually,annually,75,6726,584,7885
"2021-09-18 00:00:00",NULL,"2021-01-28 23:44:53","2022-02-17 11:28:57","2021-09-12 00:00:00",NULL,"2021-09-12 03:00:00","2023-02-17 11:28:57",annually,annually,158,4884,1442,7890
"2021-03-22 00:00:00",NULL,"2021-01-28 23:46:34","2022-02-17 12:05:03","2021-03-26 00:00:00",NULL,"2021-03-26 02:00:00","2023-02-17 12:05:03",annually,annually,328,13478,3121,7891
NULL,NULL,"2021-03-06 23:53:37","2022-02-17 12:22:45","2021-05-10 00:00:00",NULL,"2021-05-06 00:00:00","2023-02-17 12:22:45",monthly,annually,283,1923,3573,7893
NULL,NULL,"2021-01-28 23:44:10","2022-02-17 14:09:48","2021-12-12 00:00:00",NULL,"2021-12-03 02:00:00","2023-02-17 14:09:48",annually,annually,67,5254,594,7895
"2021-11-17 00:00:00","2022-03-09 15:15:06","2021-01-28 23:44:10","2022-03-09 15:05:14","2022-01-14 00:00:00",NULL,"2022-01-14 02:00:00","2023-03-09 15:05:14",annually,annually,54,3115,239,8063
NULL,NULL,"2021-01-28 23:44:10","2022-03-13 15:43:36","2022-03-10 00:00:00",NULL,"2022-03-01 00:00:00","2023-03-13 15:43:36",annually,annually,3,3423,642,8101
NULL,NULL,"2021-09-03 10:58:40","2022-03-15 12:04:06","2022-02-07 00:00:00",NULL,"2022-02-03 00:00:00","2023-02-15 12:04:06",monthly,monthly,36,160960,5352,8118
"2021-06-30 00:00:00","2022-05-02 23:35:15","2021-01-28 23:44:54","2022-03-20 22:54:56","2021-07-13 00:00:00","2022-05-20 23:01:13","2021-07-13 03:00:00","2022-04-20 22:54:56",annually,monthly,250,4435,1672,8167
"2021-12-21 00:00:00","2022-03-23 14:54:26","2021-01-28 23:44:53","2022-03-23 14:48:28","2021-12-27 00:00:00","2022-03-25 09:48:12","2021-12-26 00:00:00","2023-03-23 14:48:28",annually,annually,86,4231,1257,8196
"2021-09-23 00:00:00",NULL,"2021-08-28 09:30:34","2022-03-24 01:56:08","2021-09-28 00:00:00","2022-03-30 06:50:56","2021-09-28 00:00:00","2023-03-24 01:56:08",monthly,annually,177,157613,5290,8203
NULL,NULL,"2021-01-28 23:44:54","2022-03-24 12:07:02","2021-07-28 00:00:00",NULL,"2021-06-30 03:00:00","2023-03-24 12:07:02",annually,annually,239,4784,1856,8210
NULL,NULL,"2021-01-28 23:46:34","2022-03-27 15:51:56","2021-04-20 00:00:00",NULL,"2021-04-11 03:00:00","2023-03-27 15:51:56",annually,annually,341,1019,2985,8259
"2021-02-16 00:00:00",NULL,"2021-01-28 23:46:34","2022-03-28 17:42:07","2021-02-23 00:00:00",NULL,"2021-02-23 02:00:00","2023-03-28 17:42:07",annually,annually,398,1521,3162,8273
"2021-02-07 00:00:00",NULL,"2021-01-28 23:44:10","2022-03-31 01:17:16","2022-01-14 00:00:00",NULL,"2022-01-14 02:00:00","2023-03-31 01:17:16",annually,annually,76,2840,256,8373
"2021-02-08 00:00:00",NULL,"2021-01-28 23:46:34","2022-03-31 02:30:20","2022-02-24 00:00:00",NULL,"2022-02-15 00:00:00","2023-11-30 02:05:34",annually,annually,35,5325,3175,8379
NULL,NULL,"2021-01-28 23:46:06","2022-03-31 05:09:07","2021-04-27 00:00:00",NULL,"2021-04-18 03:00:00","2023-03-31 05:09:07",annually,annually,338,1306,2658,8391
"2021-01-04 02:00:00",NULL,"2021-01-28 23:44:10","2022-04-02 06:42:37","2021-02-03 00:00:00","2022-05-15 07:21:01","2021-02-03 02:00:00","2022-05-02 06:42:37",monthly,monthly,423,4011,391,8414
NULL,NULL,"2021-02-03 05:28:58","2022-04-02 08:03:42","2022-02-12 00:00:00",NULL,"2022-02-03 00:00:00","2023-04-02 08:03:42",annually,annually,49,143799,3261,8415
NULL,NULL,"2021-01-28 23:44:10","2022-04-05 15:36:13","2021-12-04 00:00:00",NULL,"2021-11-25 02:00:00","2023-04-05 15:36:13",annually,annually,122,1046,907,8437
"2022-01-11 00:00:00","2022-04-09 19:36:22","2021-03-22 17:44:56","2022-04-09 19:34:36","2022-03-22 00:00:00","2022-05-09 19:41:13","2022-03-22 00:00:00","2022-05-09 19:34:36",annually,monthly,18,147448,3825,8482
"2021-06-16 00:00:00",NULL,"2021-02-26 14:20:11","2022-04-12 15:09:50","2021-06-26 00:00:00","2022-05-25 15:40:42","2021-06-26 00:00:00","2022-05-12 15:09:50",monthly,monthly,290,144912,3483,8507
"2021-11-29 00:00:00",NULL,"2021-01-28 23:44:53","2022-04-13 22:40:14","2021-12-30 00:00:00","2022-10-26 23:20:37","2021-12-30 00:00:00","2022-10-13 22:40:14",annually,monthly,104,7873,1230,8526
"2021-11-18 00:00:00",NULL,"2021-01-28 23:44:10","2022-04-14 11:46:49","2021-11-27 00:00:00",NULL,"2021-11-27 02:00:00","2023-04-14 11:46:49",annually,annually,138,6862,845,8533
"2022-03-29 00:00:00",NULL,"2021-01-28 23:44:10","2022-04-25 15:40:49","2022-04-14 00:00:00","2022-06-07 16:21:01","2022-04-14 00:00:00","2022-05-25 15:40:49",annually,monthly,11,2737,234,8612
"2022-04-10 00:00:00","2022-05-24 13:26:58","2021-01-28 23:44:10","2022-05-06 10:33:59","2022-04-11 00:00:00","2022-05-25 05:46:05","2022-04-11 00:00:00","2023-05-06 10:33:59",annually,annually,25,840,301,8696
NULL,"2022-06-07 17:07:58","2021-01-28 23:46:06","2022-05-07 16:09:44","2022-05-02 00:00:00","2022-07-07 16:22:36","2022-04-23 00:00:00","2022-07-07 16:09:44",annually,monthly,5,969,2397,8703
NULL,NULL,"2021-04-30 08:52:22","2022-05-11 16:12:20","2022-05-09 00:00:00",NULL,"2022-04-30 00:00:00","2023-05-11 16:12:20",annually,annually,2,151694,4149,8731
"2021-04-28 00:00:00","2022-06-09 20:48:05","2021-01-28 23:44:54","2022-05-12 21:58:56","2021-05-28 00:00:00","2022-06-12 22:01:02","2021-05-28 03:00:00","2022-06-12 21:58:56",annually,monthly,349,15743,1969,8743
"2021-07-16 00:00:00","2022-07-06 09:58:05","2021-05-26 16:06:13","2022-05-17 06:59:20","2021-07-26 00:00:00","2022-07-17 07:00:31","2021-07-26 00:00:00","2022-07-17 06:59:20",monthly,monthly,295,156057,4331,8774
"2022-03-27 00:00:00",NULL,"2021-04-11 15:46:28","2022-05-22 16:24:20","2022-04-11 00:00:00",NULL,"2022-04-11 00:00:00","2023-05-22 16:24:20",annually,annually,41,148825,4018,8825
"2021-03-23 00:00:00",NULL,"2021-03-23 06:45:39","2022-05-24 07:09:08","2022-03-23 00:00:00",NULL,"2022-03-23 00:00:00","2023-05-24 07:09:08",annually,annually,62,145813,3837,8841
"2021-01-31 00:00:00","2023-01-14 21:42:04","2021-01-28 23:44:53","2022-05-26 21:57:44","2021-02-28 00:00:00","2023-05-26 21:57:44","2021-02-28 02:00:00","2023-05-26 21:57:44",monthly,annually,452,9808,1107,8873
"2021-08-24 00:00:00",NULL,"2021-01-28 23:44:53","2022-05-26 22:08:07","2021-09-24 00:00:00",NULL,"2021-09-24 03:00:00","2023-05-26 22:08:07",annually,annually,244,1468,1310,8874
"2022-01-04 00:00:00","2022-05-27 18:09:46","2021-01-28 23:44:10","2022-05-27 18:06:53","2022-01-04 00:00:00","2023-05-27 18:06:53","2023-01-04 00:00:00","2023-05-27 18:06:53",annually,annually,143,1909,386,8886
"2021-05-04 00:00:00",NULL,"2021-01-28 23:44:10","2022-05-29 11:00:54","2021-05-13 00:00:00",NULL,"2021-06-04 00:00:00","2023-05-29 11:00:54",monthly,annually,381,618,382,8904
NULL,NULL,"2021-04-19 02:17:25","2022-05-29 21:26:04","2022-04-28 00:00:00",NULL,"2022-04-19 00:00:00","2023-05-29 21:26:04",annually,annually,31,149849,4069,8920
"2022-05-23 00:00:00",NULL,"2021-01-28 23:46:34","2022-05-30 02:09:13","2022-05-25 00:00:00",NULL,"2022-05-25 00:00:00","2023-05-30 02:09:13",annually,annually,5,1480,3160,8928
"2021-11-08 00:00:00",NULL,"2021-09-12 12:02:15","2022-05-30 07:35:03","2021-11-12 00:00:00",NULL,"2021-11-12 00:00:00","2023-01-30 07:35:03",monthly,monthly,199,159071,5397,8934
NULL,NULL,"2021-03-13 09:58:44","2022-06-01 03:05:11","2021-05-17 00:00:00",NULL,"2021-05-13 00:00:00","2023-06-01 03:05:11",monthly,annually,380,1159,3631,9033
"2021-08-02 00:00:00",NULL,"2021-01-28 23:44:10","2022-06-01 05:49:14","2021-11-28 00:00:00",NULL,"2021-11-28 02:00:00","2023-06-01 05:49:14",annually,annually,185,2881,815,9054
NULL,"2022-07-20 05:39:57","2021-05-11 14:32:48","2022-06-06 16:19:41","2022-05-15 00:00:00","2022-08-06 16:21:08","2022-05-11 00:00:00","2022-08-06 16:19:41",annually,monthly,22,153103,4226,9102
"2021-03-23 00:00:00",NULL,"2021-03-23 15:05:59","2022-06-07 02:18:34","2022-03-23 00:00:00",NULL,"2022-03-23 00:00:00","2023-06-07 02:18:34",annually,annually,76,2055,3847,9105
"2021-10-19 00:00:00",NULL,"2021-08-19 06:19:52","2022-06-07 17:23:13","2021-10-19 00:00:00","2022-07-20 18:01:15","2021-10-19 00:00:00","2022-07-07 17:23:13",monthly,monthly,231,5603,5176,9109
"2021-06-03 00:00:00","2022-08-08 17:26:36","2021-05-05 23:38:31","2022-06-17 16:34:12","2021-06-05 00:00:00","2022-08-17 16:40:52","2021-06-05 00:00:00","2022-08-17 16:34:12",monthly,monthly,377,152611,4192,9186
"2021-01-26 02:00:00","2022-06-24 17:05:40","2021-01-28 23:44:10","2022-06-23 03:12:47","2021-02-26 00:00:00","2022-07-23 03:20:45","2021-02-26 02:00:00","2022-07-23 03:12:47",monthly,monthly,482,1151,15,9237
"2021-04-16 00:00:00",NULL,"2021-01-28 23:44:10","2022-06-26 14:57:19","2021-12-02 00:00:00",NULL,"2021-12-02 02:00:00","2023-06-26 14:57:19",annually,annually,206,6971,628,9254
"2021-04-22 00:00:00",NULL,"2021-01-28 23:46:06","2022-06-26 22:38:04","2021-04-22 00:00:00",NULL,"2021-04-22 03:00:00","2023-06-26 22:38:04",annually,annually,430,2084,2435,9262
NULL,NULL,"2021-01-28 23:44:10","2022-06-27 07:42:49","2022-04-30 00:00:00",NULL,"2022-04-21 00:00:00","2023-06-27 07:42:49",annually,annually,58,1802,97,9265
"2022-05-24 00:00:00",NULL,"2021-05-26 00:37:31","2022-06-27 12:36:05","2022-05-26 00:00:00",NULL,"2022-05-26 00:00:00","2023-06-27 12:36:05",annually,annually,32,25308,4326,9268
NULL,NULL,"2021-01-28 23:46:06","2022-06-27 15:44:58","2022-04-27 00:00:00",NULL,"2022-04-18 00:00:00","2023-06-27 15:44:58",annually,annually,61,2146,2664,9272
NULL,NULL,"2021-01-28 23:46:34","2022-06-27 19:42:50","2021-02-15 00:00:00",NULL,"2021-02-05 02:00:00","2023-06-27 19:42:50",annually,annually,497,6899,3183,9279
NULL,NULL,"2021-01-28 23:46:06","2022-06-27 20:11:38","2022-04-23 00:00:00",NULL,"2022-04-14 00:00:00","2023-06-27 20:11:38",annually,annually,65,998,2911,9280
"2022-06-01 00:00:00",NULL,"2021-06-01 19:02:29","2022-06-28 08:44:55","2022-06-03 00:00:00",NULL,"2023-06-01 00:00:00","2023-06-28 08:44:55",annually,annually,25,156607,4501,9286
"2022-01-21 00:00:00",NULL,"2021-01-28 23:44:10","2022-06-28 16:46:21","2022-02-26 00:00:00",NULL,"2022-02-26 00:00:00","2023-06-28 16:46:21",annually,annually,122,3824,868,9292
NULL,NULL,"2021-06-03 11:30:59","2022-06-28 18:04:03","2022-06-12 00:00:00",NULL,"2022-06-03 00:00:00","2023-06-28 18:04:03",annually,annually,16,19545,4554,9293
NULL,NULL,"2021-01-28 23:44:10","2022-06-28 20:26:57","2021-02-22 00:00:00",NULL,"2021-02-18 00:00:00","2023-06-28 20:26:57",annually,annually,491,8641,974,9295
"2021-04-22 00:00:00",NULL,"2021-01-28 23:46:06","2022-06-29 01:02:02","2021-04-24 00:00:00",NULL,"2021-04-24 03:00:00","2023-06-29 01:02:02",annually,annually,431,2723,2327,9298
NULL,NULL,"2021-01-28 23:46:06","2022-06-29 03:24:08","2022-04-26 00:00:00",NULL,"2022-04-17 00:00:00","2023-06-29 03:24:08",annually,annually,64,3086,2744,9300
NULL,NULL,"2021-01-28 23:46:06","2022-06-29 05:18:42","2022-05-07 00:00:00",NULL,"2022-04-28 00:00:00","2023-06-29 05:18:42",annually,annually,53,11249,2118,9301
NULL,NULL,"2021-06-08 02:53:30","2022-06-29 08:58:54","2022-06-17 00:00:00",NULL,"2022-06-08 00:00:00","2023-06-29 08:58:54",annually,annually,12,156841,4615,9303
"2021-07-16 00:00:00",NULL,"2021-01-28 23:46:06","2022-06-29 18:24:02","2021-07-24 00:00:00",NULL,"2021-07-24 00:00:00","2023-06-29 18:24:02",annually,annually,340,12530,2310,9306
"2020-11-30 02:00:00",NULL,"2021-01-28 23:46:06","2022-06-29 19:49:26","2021-04-15 00:00:00",NULL,"2021-04-15 03:00:00","2023-06-29 19:49:26",annually,annually,440,7107,2857,9308
"2022-03-15 00:00:00",NULL,"2021-03-16 12:45:38","2022-06-29 20:25:17","2022-03-16 00:00:00",NULL,"2022-03-16 00:00:00","2023-06-29 20:25:17",annually,annually,105,1002,3667,9309
"2021-06-16 00:00:00",NULL,"2021-06-02 14:21:19","2022-06-30 06:43:20","2021-06-30 00:00:00",NULL,"2022-09-02 00:00:00","2023-06-30 06:43:20",annually,annually,365,156661,4517,9313
"2021-06-09 00:00:00",NULL,"2021-01-28 23:44:54","2022-06-30 07:27:59","2021-07-09 00:00:00",NULL,"2021-07-09 03:00:00","2023-06-30 07:27:59",annually,annually,356,4078,1728,9314
NULL,NULL,"2021-03-19 07:09:22","2022-06-30 08:08:15","2022-03-28 00:00:00",NULL,"2022-03-19 00:00:00","2023-06-30 08:08:15",annually,annually,94,11209,3793,9316
"2021-08-05 00:00:00",NULL,"2021-01-28 23:44:53","2022-06-30 09:50:12","2021-08-09 00:00:00",NULL,"2021-08-09 03:00:00","2023-06-30 09:50:12",annually,annually,325,11808,1546,9317
"2021-06-30 00:00:00",NULL,"2021-01-28 23:44:53","2022-06-30 11:23:05","2021-07-30 00:00:00",NULL,"2021-07-30 03:00:00","2023-06-30 11:23:05",annually,annually,335,17358,1573,9318
"2021-06-02 00:00:00",NULL,"2021-06-02 20:19:35","2022-06-30 12:46:38","2022-06-02 00:00:00",NULL,"2022-06-02 00:00:00","2023-06-30 12:46:38",annually,annually,28,156608,4535,9319
"2021-04-01 00:00:00",NULL,"2021-02-01 03:23:09","2022-06-30 13:41:07","2021-05-01 00:00:00",NULL,"2021-05-01 00:00:00","2023-06-30 13:41:07",monthly,annually,425,143615,3235,9320
"2022-03-29 00:00:00",NULL,"2021-04-13 14:49:23","2022-06-30 18:37:36","2022-04-13 00:00:00",NULL,"2022-04-13 00:00:00","2023-06-30 18:37:36",annually,annually,78,149023,4034,9323
NULL,NULL,"2021-01-28 23:44:54","2022-06-30 20:05:09","2021-06-13 00:00:00",NULL,"2021-06-04 03:00:00","2023-06-30 20:05:09",annually,annually,382,15708,1945,9325
"2021-06-15 00:00:00",NULL,"2021-01-28 23:44:54","2022-07-01 01:29:03","2021-07-09 00:00:00",NULL,"2021-07-09 03:00:00","2023-07-01 01:29:03",annually,annually,357,5652,1726,9327
"2022-01-18 00:00:00",NULL,"2021-08-06 20:04:33","2022-07-01 19:36:48","2022-02-06 00:00:00","2022-11-14 20:01:37","2022-02-06 00:00:00","2022-11-01 19:36:48",monthly,monthly,145,162320,5108,9332
"2021-09-18 00:00:00",NULL,"2021-01-28 23:44:53","2022-07-03 04:45:38","2021-09-25 00:00:00",NULL,"2021-09-25 03:00:00","2023-07-03 04:45:38",annually,annually,281,2188,1271,9344
"2022-06-09 00:00:00",NULL,"2021-03-12 07:43:20","2022-07-13 07:25:01","2022-06-12 00:00:00",NULL,"2022-06-12 00:00:00","2023-07-13 07:25:01",annually,annually,31,146552,3623,9418
NULL,NULL,"2021-03-11 17:16:49","2022-07-18 19:38:46","2022-03-18 00:00:00",NULL,"2023-03-11 00:00:00","2023-07-18 19:38:46",annually,annually,122,146514,3615,9462
"2022-07-08 00:00:00",NULL,"2021-01-28 23:44:54","2022-07-20 10:23:55","2022-07-10 00:00:00",NULL,"2022-07-10 00:00:00","2023-07-20 10:23:55",annually,annually,10,768,1683,9486
NULL,NULL,"2021-05-31 11:47:16","2022-07-21 16:02:52","2022-06-09 00:00:00",NULL,"2022-05-31 00:00:00","2023-07-21 16:02:52",annually,annually,42,25047,4452,9504
NULL,NULL,"2021-01-28 23:44:10","2022-07-21 21:27:16","2021-12-06 00:00:00",NULL,"2021-11-27 02:00:00","2023-07-21 21:27:16",annually,annually,227,7488,852,9508
"2021-09-30 00:00:00",NULL,"2021-05-30 20:08:22","2022-07-27 03:16:20","2021-09-30 00:00:00",NULL,"2021-09-30 00:00:00","2023-07-27 03:16:20",monthly,annually,300,156406,4421,9627
"2021-12-20 00:00:00",NULL,"2021-06-01 12:29:59","2022-07-28 03:52:42","2022-01-01 00:00:00","2022-08-24 12:03:06","2022-01-01 00:00:00","2023-07-28 03:52:42",monthly,annually,208,155845,4493,9659
"2021-04-23 00:00:00","2022-10-31 07:47:47","2021-03-24 16:07:18","2022-08-01 04:10:18","2021-04-24 00:00:00","2022-11-01 04:20:54","2021-04-24 00:00:00","2022-10-01 04:10:18",monthly,monthly,464,6239,3865,9719
NULL,NULL,"2021-06-03 18:10:49","2022-08-01 15:30:41","2022-06-12 00:00:00",NULL,"2022-06-03 00:00:00","2023-08-01 15:30:41",annually,annually,50,156753,4568,9725
NULL,NULL,"2021-05-18 08:48:43","2022-08-14 11:53:36","2022-05-27 00:00:00",NULL,"2022-05-18 00:00:00","2023-08-14 11:53:36",annually,annually,79,153987,4270,9823
NULL,NULL,"2021-05-29 08:28:16","2022-08-18 15:44:28","2022-06-07 00:00:00","2022-09-28 09:57:04","2022-05-29 00:00:00","2022-09-18 15:44:28",annually,monthly,72,17780,4386,9841
NULL,NULL,"2021-01-28 23:46:06","2022-08-22 14:57:07","2021-04-26 00:00:00",NULL,"2021-04-17 03:00:00","2023-08-22 14:57:07",annually,annually,483,9061,2738,9881
NULL,NULL,"2021-01-28 23:46:06","2022-08-22 16:33:30","2022-04-23 00:00:00",NULL,"2022-04-16 00:00:00","2023-08-22 16:33:30",annually,annually,121,1482,2813,9884
"2021-08-01 00:00:00",NULL,"2021-01-28 23:44:54","2022-08-29 15:42:18","2021-08-12 00:00:00",NULL,"2021-08-12 00:00:00","2023-08-29 15:42:18",monthly,annually,382,3148,1910,9934
NULL,NULL,"2021-07-08 17:28:57","2022-08-29 18:55:03","2022-07-17 00:00:00",NULL,"2022-07-08 00:00:00","2023-08-29 18:55:03",annually,annually,43,159772,4793,9940
"2022-01-03 00:00:00",NULL,"2021-01-28 23:44:10","2022-08-29 20:31:53","2022-04-11 00:00:00",NULL,"2022-04-11 00:00:00","2023-08-29 20:31:53",annually,annually,140,2136,302,9942
"2021-02-01 00:00:00",NULL,"2021-01-28 23:46:06","2022-08-30 00:08:26","2021-04-14 00:00:00",NULL,"2021-04-14 03:00:00","2023-08-30 00:08:26",annually,annually,503,2684,2899,9943
NULL,NULL,"2021-07-19 16:50:47","2022-08-30 18:17:58","2022-07-28 00:00:00",NULL,"2022-07-19 00:00:00","2023-08-30 18:17:58",annually,annually,33,161122,4869,9949
"2021-11-21 00:00:00",NULL,"2021-03-18 15:00:29","2022-08-30 20:18:18","2022-03-18 00:00:00",NULL,"2022-03-18 00:00:00","2023-08-30 20:18:18",annually,annually,165,145230,3748,9954
NULL,NULL,"2021-01-28 23:46:06","2022-08-30 21:09:40","2022-04-25 00:00:00",NULL,"2022-04-16 00:00:00","2023-08-30 21:09:40",annually,annually,127,11327,2759,9955
NULL,NULL,"2021-02-11 06:44:42","2022-08-31 02:59:09","2021-03-15 00:00:00",NULL,"2021-03-11 00:00:00","2023-08-31 02:59:09",monthly,annually,534,63294,3335,9960
NULL,NULL,"2021-08-06 22:04:03","2022-08-31 04:14:35","2022-08-10 00:00:00",NULL,"2022-08-06 00:00:00","2023-08-31 04:14:35",annually,annually,21,4723,5114,9962
NULL,NULL,"2021-01-28 23:44:53","2022-08-31 04:53:34","2021-12-24 00:00:00",NULL,"2021-12-24 00:00:00","2023-08-31 04:53:34",annually,annually,250,1702,1290,9963
NULL,NULL,"2021-07-20 20:05:01","2022-08-31 06:17:14","2022-07-29 00:00:00",NULL,"2022-07-20 00:00:00","2023-08-31 06:17:14",annually,annually,33,161201,4884,9964
NULL,NULL,"2021-01-28 23:44:53","2022-08-31 08:10:01","2021-10-10 00:00:00",NULL,"2021-10-01 03:00:00","2023-08-31 08:10:01",annually,annually,325,5782,1218,9965
NULL,NULL,"2021-06-04 02:10:40","2022-08-31 10:53:47","2022-06-13 00:00:00",NULL,"2022-06-04 00:00:00","2023-08-31 10:53:47",annually,annually,79,59138,4581,9966
NULL,NULL,"2021-05-28 09:41:35","2022-08-31 13:26:45","2022-06-06 00:00:00",NULL,"2022-05-28 00:00:00","2023-08-31 13:26:45",annually,annually,86,156038,4361,9969
"2022-03-30 00:00:00",NULL,"2021-01-28 23:46:34","2022-08-31 14:03:32","2022-04-05 00:00:00",NULL,"2022-04-05 00:00:00","2023-08-31 14:03:32",annually,annually,148,111643,3062,9970
NULL,NULL,"2021-03-30 04:58:45","2022-08-31 15:26:34","2022-04-08 00:00:00",NULL,"2022-03-30 00:00:00","2023-08-31 15:26:34",annually,annually,145,147666,3921,9973
"2022-03-27 00:00:00",NULL,"2021-01-28 23:46:34","2022-08-31 15:27:24","2022-04-06 00:00:00",NULL,"2022-04-06 00:00:00","2023-08-31 15:27:24",annually,annually,147,4833,3061,9974
"2021-08-22 00:00:00",NULL,"2021-01-28 23:44:53","2022-08-31 15:27:50","2021-09-17 00:00:00",NULL,"2021-09-17 03:00:00","2023-08-31 15:27:50",annually,annually,348,9169,1408,9975
NULL,NULL,"2021-01-28 23:46:06","2022-08-31 16:23:00","2021-05-07 00:00:00",NULL,"2021-04-28 03:00:00","2023-08-31 16:23:00",annually,annually,481,13501,2128,9977
NULL,NULL,"2021-04-16 08:19:45","2022-08-31 18:07:39","2022-07-25 00:00:00",NULL,"2022-07-16 00:00:00","2023-08-31 18:07:39",annually,annually,37,7179,4051,9979
"2021-08-16 00:00:00",NULL,"2021-01-28 23:44:53","2022-08-31 19:41:38","2021-09-16 00:00:00",NULL,"2021-09-16 03:00:00","2023-08-31 19:41:38",annually,annually,349,7127,1415,9981
NULL,NULL,"2021-06-04 06:57:11","2022-08-31 19:48:39","2022-06-13 00:00:00",NULL,"2022-06-04 00:00:00","2023-08-31 19:48:39",annually,annually,79,30594,4587,9982
NULL,NULL,"2021-01-28 23:46:06","2022-09-06 05:54:23","2022-04-29 00:00:00",NULL,"2022-04-20 00:00:00","2023-09-06 05:54:23",annually,annually,130,1864,2578,10018
NULL,NULL,"2021-07-23 13:52:37","2022-09-06 20:21:33","2022-08-01 00:00:00",NULL,"2022-07-23 00:00:00","2023-09-06 20:21:33",annually,annually,36,161346,4923,10026
"2021-08-30 00:00:00",NULL,"2021-06-18 18:45:23","2022-09-08 11:38:02","2021-09-18 00:00:00",NULL,"2021-09-18 00:00:00","2023-02-08 11:38:02",monthly,monthly,355,157722,4673,10041
NULL,NULL,"2021-07-25 14:26:51","2022-09-11 10:21:04","2022-08-03 00:00:00",NULL,"2022-07-25 00:00:00","2023-09-11 10:21:04",annually,annually,39,43604,4959,10062
"2021-03-16 00:00:00",NULL,"2021-01-28 23:44:53","2022-09-20 14:52:51","2021-04-16 00:00:00",NULL,"2021-04-16 00:00:00","2023-09-20 14:52:51",monthly,annually,522,4167,1416,10136
NULL,NULL,"2021-01-28 23:44:54","2022-09-20 16:12:29","2022-07-08 00:00:00",NULL,"2022-07-06 00:00:00","2023-09-20 16:12:29",annually,annually,74,6359,1782,10140
NULL,NULL,"2021-07-27 21:13:17","2022-09-23 21:49:03","2022-08-05 00:00:00",NULL,"2022-07-27 00:00:00","2023-09-23 21:49:03",annually,annually,49,161640,5014,10199
"2021-11-22 00:00:00",NULL,"2021-09-10 18:16:49","2022-09-27 17:24:44","2022-09-10 00:00:00",NULL,"2022-09-10 00:00:00","2023-09-27 17:24:44",annually,annually,17,166145,5389,10245
NULL,NULL,"2021-01-28 23:44:10","2022-09-29 12:08:23","2021-12-04 00:00:00",NULL,"2021-11-25 02:00:00","2023-09-29 12:08:23",annually,annually,299,872,884,10299
NULL,"2022-11-18 13:56:10","2021-01-28 23:44:10","2022-10-05 13:32:06","2021-02-04 00:00:00","2022-12-05 13:41:00","2021-01-31 02:00:00","2022-12-05 13:32:06",monthly,monthly,608,4439,419,10391
NULL,"2023-01-03 16:28:17","2021-02-20 11:13:52","2022-10-15 14:41:24","2022-05-24 00:00:00","2023-01-15 15:01:20","2022-05-20 00:00:00","2023-01-15 14:41:24",monthly,monthly,144,145185,3418,10476
"2021-06-02 00:00:00","2022-10-18 15:44:54","2021-06-02 18:01:06","2022-10-17 19:28:01","2022-06-02 00:00:00","2022-10-19 07:05:34","2022-06-02 00:00:00","2023-10-17 19:28:01",annually,annually,137,147305,4527,10488
NULL,NULL,"2021-07-04 07:13:18","2022-10-19 16:23:28","2022-10-13 00:00:00",NULL,"2022-10-04 00:00:00","2023-10-19 16:23:28",annually,annually,6,159105,4757,10507
NULL,NULL,"2021-01-28 23:44:53","2022-10-20 02:55:09","2022-09-30 00:00:00",NULL,"2022-09-21 00:00:00","2023-10-20 02:55:09",annually,annually,20,7752,1353,10513
"2022-03-18 00:00:00",NULL,"2021-03-19 05:42:22","2022-10-20 05:31:37","2022-03-19 00:00:00",NULL,"2022-03-19 00:00:00","2023-10-20 05:31:37",annually,annually,215,147178,3790,10514
NULL,NULL,"2021-01-28 23:46:06","2022-10-20 08:36:30","2022-05-01 00:00:00",NULL,"2022-04-23 00:00:00","2023-10-20 08:36:30",annually,annually,172,1382,2345,10517
"2021-02-15 00:00:00",NULL,"2021-01-28 23:44:53","2022-10-20 09:22:03","2021-03-10 00:00:00",NULL,"2021-03-10 00:00:00","2023-10-20 09:22:03",monthly,annually,589,9377,1159,10519
NULL,NULL,"2021-01-28 23:44:54","2022-10-20 11:14:41","2022-07-18 00:00:00",NULL,"2023-07-18 00:00:00","2023-10-20 11:14:41",annually,annually,94,18678,1603,10523
"2021-02-06 00:00:00",NULL,"2021-01-28 23:44:10","2022-10-20 12:29:08","2021-02-15 00:00:00",NULL,"2021-02-15 02:00:00","2023-10-20 12:29:08",monthly,annually,612,5470,534,10524
NULL,NULL,"2021-01-28 23:44:10","2022-10-20 15:23:46","2021-12-06 00:00:00",NULL,"2021-11-27 02:00:00","2023-10-20 15:23:46",annually,annually,318,143012,837,10526
"2021-04-05 00:00:00",NULL,"2021-01-28 23:46:06","2022-10-20 17:51:26","2021-04-29 00:00:00",NULL,"2021-04-29 03:00:00","2023-10-20 17:51:26",annually,annually,539,17823,2085,10530
"2021-04-06 00:00:00",NULL,"2021-01-28 23:46:06","2022-10-21 02:25:08","2021-04-18 00:00:00",NULL,"2021-04-18 03:00:00","2023-10-21 02:25:08",annually,annually,551,3426,2668,10535
NULL,NULL,"2021-01-28 23:44:10","2022-10-21 02:57:07","2022-01-19 00:00:00",NULL,"2023-01-19 00:00:00","2023-10-21 02:57:07",annually,annually,275,2104,139,10536
"2022-02-18 00:00:00",NULL,"2021-06-04 01:37:50","2022-10-21 11:05:50","2022-09-04 00:00:00",NULL,"2022-09-04 00:00:00","2023-10-21 11:05:50",annually,annually,47,156776,4579,10539
NULL,NULL,"2021-01-28 23:44:54","2022-10-21 12:18:50","2021-07-31 00:00:00",NULL,"2021-07-17 03:00:00","2023-10-21 12:18:50",annually,annually,447,18531,1604,10540
NULL,NULL,"2021-01-28 23:46:06","2022-10-21 15:19:01","2021-04-29 00:00:00",NULL,"2021-04-20 03:00:00","2023-10-21 15:19:01",annually,annually,540,14491,2589,10541
"2021-09-17 00:00:00",NULL,"2021-01-28 23:44:53","2022-10-21 16:12:52","2021-09-24 00:00:00",NULL,"2021-09-24 03:00:00","2023-10-21 16:12:52",annually,annually,392,8758,1308,10542
NULL,NULL,"2021-01-28 23:46:06","2022-10-21 17:50:13","2021-05-05 00:00:00",NULL,"2021-04-26 03:00:00","2023-10-21 17:50:13",annually,annually,534,31660,2220,10544
"2021-04-07 00:00:00",NULL,"2021-01-28 23:46:06","2022-10-22 02:14:53","2021-05-07 00:00:00",NULL,"2021-05-07 03:00:00","2023-10-22 02:14:53",annually,annually,533,17174,2042,10547
"2022-07-23 00:00:00",NULL,"2021-06-18 14:57:57","2022-10-25 17:28:23","2022-09-18 00:00:00",NULL,"2022-09-18 00:00:00","2023-10-25 17:28:23",annually,annually,37,130021,4669,10573
NULL,"2022-11-01 19:31:11","2021-01-28 23:44:53","2022-10-25 18:48:56","2021-11-23 00:00:00","2022-11-02 08:07:55","2021-11-14 02:00:00","2022-11-25 18:48:56",annually,monthly,336,4013,1003,10575
"2021-03-15 00:00:00",NULL,"2021-01-28 23:46:06","2022-10-26 17:39:16","2021-04-15 00:00:00",NULL,"2021-04-15 03:00:00","2023-10-26 17:39:16",annually,annually,559,23287,2893,10583
NULL,"2022-12-29 18:33:52","2021-07-27 16:42:39","2022-10-28 21:17:38","2022-08-05 00:00:00","2023-01-28 21:17:38","2022-07-27 00:00:00","2023-01-28 21:17:38",annually,monthly,84,161626,5010,10598
"2021-08-24 00:00:00",NULL,"2021-01-28 23:44:53","2022-10-29 05:40:29","2021-09-24 00:00:00",NULL,"2021-09-24 03:00:00","2023-11-22 05:12:57",annually,annually,400,1374,1289,10602
NULL,NULL,"2021-05-31 13:59:57","2022-10-29 14:43:26","2022-06-09 00:00:00",NULL,"2022-05-31 00:00:00","2023-10-29 14:43:26",annually,annually,142,139185,4463,10605
"2021-09-30 00:00:00","2021-10-07 00:00:00","2021-09-30 01:38:14","2021-10-07 02:04:28","2021-10-01 00:00:00","2023-01-07 00:00:00","2022-09-30 00:00:00","2023-01-07 00:00:00",annually,annually,6,161580,5586,5632
NULL,NULL,"2021-10-14 08:43:24","2021-11-22 15:01:58","2021-11-12 00:00:00","2022-11-23 00:00:00","2022-10-14 00:00:00","2022-11-22 00:00:00",annually,annually,10,171405,5694,5819
"2021-11-22 00:00:00","2022-09-24 00:00:00","2021-11-07 17:27:26","2021-11-24 02:52:56","2021-11-22 00:00:00","2022-11-24 00:00:00","2022-11-07 00:00:00","2022-11-24 00:00:00",annually,annually,2,240444,5752,5989
"2021-11-24 00:00:00",NULL,"2021-11-22 20:33:22","2021-11-29 11:57:42","2021-11-25 00:00:00","2022-04-01 00:00:00","2022-11-22 00:00:00","2022-03-28 00:00:00",annually,monthly,4,242677,5882,6676
NULL,NULL,"2021-11-11 08:33:38","2021-12-07 08:20:26","2021-12-02 00:00:00",NULL,"2022-11-11 00:00:00","2023-12-07 00:00:00",annually,annually,5,178111,5757,7051
"2021-11-11 00:00:00","2022-02-18 00:00:00","2021-09-15 05:25:12","2021-12-25 06:47:50","2021-11-15 00:00:00","2022-02-25 00:00:00","2021-11-15 00:00:00","2022-02-25 00:00:00",monthly,monthly,40,156660,5405,7170
NULL,NULL,"2021-11-19 17:24:34","2022-01-02 07:38:02","2021-12-23 00:00:00","2022-02-06 00:00:00","2021-12-19 00:00:00","2022-02-02 00:00:00",monthly,monthly,10,250078,5803,7247
"2021-12-03 00:00:00",NULL,"2021-11-29 07:35:03","2022-01-04 09:20:47","2021-12-29 00:00:00",NULL,"2021-12-29 00:00:00","2023-01-04 00:00:00",lifetime,lifetime,6,254902,6616,7259
NULL,NULL,"2021-11-25 19:19:05","2022-01-05 14:23:11","2021-12-29 00:00:00","2022-04-09 00:00:00","2021-12-25 00:00:00","2022-04-05 00:00:00",monthly,monthly,7,238987,6123,7272
"2021-12-24 00:00:00","2022-03-11 00:00:00","2021-11-24 12:28:12","2022-01-12 07:52:39","2021-12-24 00:00:00","2022-03-12 00:00:00","2021-12-24 00:00:00","2022-03-12 00:00:00",monthly,monthly,19,240553,6015,7332
"2021-11-22 00:00:00","2022-02-12 00:00:00","2021-11-22 17:10:02","2022-01-12 11:45:50","2021-12-22 00:00:00","2022-02-12 00:00:00","2021-12-22 00:00:00","2022-02-12 00:00:00",monthly,monthly,21,179137,5852,7337
NULL,NULL,"2021-11-23 12:17:41","2022-01-21 09:37:28","2021-12-27 00:00:00","2022-08-25 00:00:00","2021-12-23 00:00:00","2022-08-21 00:00:00",monthly,monthly,25,196538,5931,7467
NULL,"2022-02-14 00:00:00","2022-01-02 01:17:12","2022-01-27 18:33:23","2022-01-06 00:00:00","2023-01-27 00:00:00","2023-01-02 00:00:00","2023-01-27 00:00:00",annually,annually,21,258913,7245,7633
NULL,NULL,"2021-12-16 08:44:37","2022-01-28 19:24:00","2022-01-20 00:00:00","2022-03-04 00:00:00","2022-01-16 00:00:00","2022-02-28 00:00:00",monthly,monthly,8,248535,7114,7697
"2021-10-27 00:00:00",NULL,"2021-09-27 13:12:17","2022-01-31 03:49:58","2021-10-27 00:00:00","2022-04-01 00:00:00","2021-10-27 00:00:00","2022-03-28 00:00:00",monthly,monthly,96,145313,5537,7703
NULL,"2022-04-28 00:00:00","2021-11-23 12:16:55","2022-01-31 08:58:07","2022-01-27 00:00:00","2022-04-28 00:00:00","2022-01-23 00:00:00","2022-04-28 00:00:00",monthly,monthly,4,248305,5930,7704
NULL,NULL,"2021-12-13 08:34:23","2022-02-08 12:55:00","2022-01-17 00:00:00","2022-04-06 08:13:29","2022-01-13 00:00:00","2022-03-08 12:55:00",monthly,monthly,22,198947,7096,7775
"2022-01-10 00:00:00","2022-02-12 13:53:31","2022-01-10 02:07:15","2022-02-12 13:51:26","2022-02-10 00:00:00","2022-03-12 14:01:11","2022-02-10 00:00:00","2022-03-12 13:51:26",monthly,monthly,2,259865,7307,7817
"2021-11-27 00:00:00",NULL,"2021-11-27 09:38:27","2022-02-14 19:12:42","2021-11-29 00:00:00",NULL,"2022-11-27 00:00:00","2023-02-14 19:12:42",annually,annually,77,254541,6278,7839
"2021-11-22 00:00:00",NULL,"2021-10-16 11:50:02","2022-02-16 16:30:47","2021-12-16 00:00:00",NULL,"2021-12-16 00:00:00","2023-02-16 16:30:47",monthly,annually,62,172427,5715,7867
"2022-02-13 00:00:00",NULL,"2022-01-14 18:23:58","2022-02-16 17:42:57","2022-02-14 00:00:00",NULL,"2022-02-14 00:00:00","2023-02-16 17:42:57",monthly,annually,2,213109,7364,7869
NULL,"2022-12-20 15:43:33","2022-01-28 05:04:29","2022-02-17 05:10:37","2022-02-14 00:00:00","2023-02-17 05:10:37","2023-01-28 00:00:00","2023-02-17 05:10:37",annually,annually,3,261805,7673,7879
NULL,NULL,"2021-12-06 11:13:47","2022-02-17 07:29:06","2022-02-10 00:00:00",NULL,"2022-02-06 00:00:00","2023-02-17 07:29:06",monthly,annually,7,255534,7045,7884
NULL,NULL,"2021-11-22 16:02:08","2022-02-17 12:13:51","2021-12-26 00:00:00",NULL,"2021-12-22 00:00:00","2023-02-17 12:13:51",monthly,annually,53,218237,5840,7892
"2021-10-14 00:00:00",NULL,"2021-09-15 20:35:22","2022-02-17 13:21:52","2021-10-15 00:00:00",NULL,"2021-10-15 00:00:00","2023-02-17 13:21:52",monthly,annually,125,93270,5407,7894
NULL,NULL,"2021-09-30 19:21:35","2022-03-05 14:24:40","2021-12-04 00:00:00","2022-04-18 15:00:53","2021-11-30 00:00:00","2022-04-05 14:24:40",monthly,monthly,91,6026,5594,8028
NULL,"2022-06-12 21:32:53","2022-01-01 15:04:58","2022-03-18 14:44:40","2022-02-05 00:00:00","2022-06-18 15:01:17","2022-02-01 00:00:00","2022-04-18 14:44:40",monthly,monthly,41,33495,7238,8149
NULL,"2022-04-15 01:19:57","2022-01-09 11:06:20","2022-03-27 12:28:16","2022-02-13 00:00:00",NULL,"2022-02-09 00:00:00","2023-03-27 12:28:16",annually,annually,42,259504,7301,8257
"2022-03-15 08:39:31",NULL,"2022-02-19 15:06:47","2022-03-28 07:30:02","2022-03-19 15:21:11",NULL,"2022-03-19 15:06:47","2023-03-28 07:30:02",monthly,annually,9,258930,7909,8265
"2022-02-25 00:00:00",NULL,"2021-12-26 15:21:55","2022-03-29 10:18:30","2022-02-26 00:00:00","2022-05-12 10:41:03","2022-02-26 00:00:00","2022-04-29 10:18:30",monthly,monthly,31,257898,7183,8285
NULL,NULL,"2022-01-15 11:33:25","2022-03-29 12:59:24","2022-03-19 00:00:00",NULL,"2022-03-15 00:00:00","2023-03-29 12:59:24",monthly,annually,10,260356,7370,8288
NULL,"2022-10-12 00:54:11","2022-01-21 20:18:45","2022-03-29 20:08:06","2022-02-07 00:00:00","2023-03-29 20:08:06","2023-01-21 00:00:00","2023-03-29 20:08:06",annually,annually,50,261200,7476,8303
"2022-03-10 01:07:17",NULL,"2022-02-10 16:47:02","2022-03-30 16:34:22","2022-03-10 17:01:37",NULL,"2022-03-10 16:47:02","2023-03-30 16:34:22",monthly,annually,20,262580,7808,8336
"2022-03-21 00:00:00",NULL,"2022-01-27 22:20:33","2022-03-30 17:03:10","2022-03-27 00:00:00",NULL,"2022-03-27 00:00:00","2023-03-30 17:03:10",monthly,annually,3,258782,7648,8339
"2022-03-25 08:47:07","2022-04-05 05:02:59","2022-03-20 10:12:09","2022-03-30 18:59:08","2022-03-28 14:47:59","2022-04-05 06:11:19","2023-03-20 10:12:09","2023-03-30 18:59:08",annually,annually,2,267089,8164,8347
NULL,NULL,"2021-11-24 19:08:13","2022-04-04 22:55:33","2021-12-28 00:00:00","2022-07-17 23:21:11","2021-12-24 00:00:00","2022-05-04 22:55:33",monthly,monthly,97,225216,6048,8432
"2022-01-31 00:00:00","2022-06-06 20:00:47","2021-11-30 09:43:47","2022-04-08 14:33:22","2022-01-30 00:00:00","2022-06-08 14:40:58","2022-01-30 00:00:00","2022-05-08 14:33:22",monthly,monthly,68,247713,6821,8469
NULL,NULL,"2022-02-19 06:37:03","2022-04-16 08:27:20","2022-04-08 13:14:12","2022-05-31 09:22:15","2022-03-19 06:37:03","2022-05-16 08:27:20",monthly,monthly,8,236797,7907,8548
NULL,NULL,"2022-02-25 09:02:39","2022-04-19 03:09:07","2022-04-08 13:16:47","2022-07-02 03:41:01","2022-03-25 09:02:39","2022-05-19 03:09:07",monthly,monthly,11,255827,7960,8569
NULL,NULL,"2022-02-23 23:10:20","2022-04-21 00:57:58","2022-04-08 13:16:18","2022-06-03 01:21:05","2022-03-23 23:10:20","2022-05-21 00:57:58",monthly,monthly,13,195307,7950,8587
"2022-04-02 23:17:48","2022-05-11 05:34:48","2022-03-04 19:02:07","2022-04-22 03:12:59","2022-04-04 19:21:22","2022-05-22 03:20:55","2022-04-04 19:02:07","2022-05-22 03:12:59",monthly,monthly,18,205950,8023,8595
NULL,NULL,"2022-02-23 15:31:32","2022-04-23 07:49:46","2022-04-08 13:15:18","2022-06-05 08:20:58","2022-03-23 15:31:32","2022-05-23 07:49:46",monthly,monthly,15,264514,7946,8601
"2022-04-13 14:35:27","2022-05-11 02:33:57","2022-04-06 15:25:20","2022-05-09 03:29:02","2022-05-06 15:41:17","2022-06-09 03:40:45","2022-05-06 15:25:20","2022-06-09 03:29:02",monthly,monthly,3,269843,8443,8715
"2022-02-03 00:00:00","2022-06-10 14:26:19","2022-01-04 14:20:41","2022-05-10 14:54:37","2022-02-04 00:00:00","2022-06-10 15:01:13","2022-02-04 00:00:00","2022-06-10 14:54:37",monthly,monthly,95,4874,7260,8726
"2022-03-26 20:13:11","2022-05-21 20:47:54","2022-03-03 17:08:47","2022-05-17 05:29:07","2022-04-03 17:21:05","2022-06-17 05:40:52","2022-04-03 17:08:47","2022-06-17 05:29:07",monthly,monthly,44,265241,8016,8773
NULL,NULL,"2022-01-27 23:52:08","2022-05-21 19:44:27","2022-02-21 00:00:00","2022-07-04 20:21:13","2023-01-27 00:00:00","2022-06-21 19:44:27",annually,monthly,89,261788,7656,8821
NULL,NULL,"2022-03-26 05:39:15","2022-05-27 06:22:54","2022-04-26 12:37:35",NULL,"2023-03-26 05:39:15","2023-05-27 06:22:54",annually,annually,31,213528,8243,8877
"2022-05-24 16:30:27",NULL,"2022-05-06 16:45:02","2022-05-28 19:17:41","2022-05-26 14:05:24",NULL,"2023-05-06 16:45:02","2023-05-28 19:17:41",annually,annually,2,263309,8698,8897
NULL,NULL,"2022-05-14 13:43:37","2022-05-30 03:11:56","2022-05-23 06:43:22",NULL,"2023-05-14 13:43:37","2023-05-30 03:11:56",annually,annually,7,273936,8751,8930
"2022-03-02 07:42:10",NULL,"2022-02-13 16:08:58","2022-06-02 10:10:57","2022-03-13 16:21:05",NULL,"2022-03-13 16:08:58","2023-02-02 10:10:57",monthly,monthly,81,161693,7824,9065
NULL,NULL,"2022-02-24 19:20:21","2022-06-08 19:45:32","2022-06-06 20:01:10","2022-09-09 11:20:35","2022-03-24 19:20:21","2022-10-08 19:45:32",monthly,monthly,2,182962,7956,9122
"2022-04-24 16:28:17","2022-07-25 11:21:26","2022-04-10 23:20:33","2022-06-15 03:12:14","2022-05-10 23:40:53","2022-08-15 03:21:02","2022-05-10 23:20:33","2022-08-15 03:12:14",monthly,monthly,36,270247,8494,9164
"2022-04-18 18:49:10","2022-07-09 14:01:13","2022-03-24 17:52:17","2022-06-16 14:09:39","2022-04-24 18:01:18","2022-07-16 14:20:54","2022-04-24 17:52:17","2022-07-16 14:09:39",monthly,monthly,53,182728,8217,9178
NULL,"2022-07-12 14:14:10","2022-02-24 09:28:41","2022-06-17 16:14:52","2022-05-07 10:01:01","2022-07-17 16:21:36","2022-03-24 09:28:41","2022-07-17 16:14:52",monthly,monthly,41,144397,7952,9185
NULL,NULL,"2021-09-28 11:38:51","2022-06-20 03:16:36","2021-10-11 00:00:00",NULL,"2021-10-28 00:00:00","2023-06-20 03:16:36",monthly,annually,252,171536,5561,9206
"2022-04-18 18:27:39","2022-10-19 09:52:43","2022-03-24 12:56:03","2022-06-22 16:14:02","2022-04-24 13:01:01","2022-10-22 16:21:06","2022-04-24 12:56:03","2022-10-22 16:14:02",monthly,monthly,59,268113,8212,9232
NULL,NULL,"2022-01-24 02:41:12","2022-06-26 13:15:08","2022-01-25 00:00:00",NULL,"2023-04-24 00:00:00","2023-06-26 13:15:08",annually,annually,152,261393,7512,9253
NULL,NULL,"2022-04-18 13:08:32","2022-06-26 16:10:34","2022-04-28 14:36:02",NULL,"2023-04-18 13:08:32","2023-06-26 16:10:34",annually,annually,59,271169,8565,9256
"2021-12-11 00:00:00",NULL,"2021-11-28 11:13:26","2022-06-27 07:13:27","2021-12-22 00:00:00",NULL,"2022-11-28 00:00:00","2023-06-27 07:13:27",annually,annually,187,239932,6390,9264
NULL,NULL,"2022-04-10 05:12:41","2022-06-27 08:21:55","2022-05-23 05:40:50","2022-08-09 09:00:53","2022-05-10 05:12:41","2022-07-27 08:21:55",monthly,monthly,35,270179,8487,9266
NULL,NULL,"2022-03-02 18:29:30","2022-06-27 20:36:05","2022-05-11 15:27:18","2022-08-09 21:01:02","2022-04-02 18:29:30","2022-07-27 20:36:05",monthly,monthly,47,262569,8011,9281
NULL,"2023-01-03 18:54:30","2022-03-09 23:11:35","2022-06-27 21:18:13","2022-06-22 23:40:47","2023-01-27 21:18:13","2022-04-09 23:11:35","2023-01-27 21:18:13",monthly,monthly,5,266366,8067,9282
"2021-12-22 00:00:00",NULL,"2021-12-07 10:46:47","2022-06-28 07:33:09","2022-01-07 00:00:00",NULL,"2022-01-07 00:00:00","2023-06-28 07:33:09",monthly,annually,172,185019,7052,9285
"2022-04-13 00:00:00",NULL,"2021-09-25 13:21:35","2022-06-29 13:24:51","2022-04-25 00:00:00",NULL,"2022-04-25 00:00:00","2023-06-29 13:24:51",monthly,annually,65,171248,5489,9304
NULL,NULL,"2022-01-18 12:07:58","2022-06-29 14:22:25","2022-02-22 00:00:00",NULL,"2022-02-18 00:00:00","2023-06-29 14:22:25",monthly,annually,127,238800,7407,9305
NULL,"2022-08-07 08:56:29","2021-09-21 08:26:50","2022-07-06 17:15:40","2021-10-15 00:00:00","2022-09-06 17:21:24","2022-09-21 00:00:00","2022-09-06 17:15:40",annually,monthly,264,169991,5441,9364
"2022-06-07 21:08:41","2022-07-09 16:35:43","2022-06-07 14:13:07","2022-07-09 16:32:03","2022-07-07 14:20:58","2022-08-09 16:41:05","2022-07-07 14:13:07","2022-08-09 16:32:03",monthly,monthly,2,190610,9108,9387
NULL,"2022-08-12 08:42:39","2022-03-26 10:19:43","2022-07-13 04:34:12","2022-06-08 10:40:55","2022-08-13 04:40:47","2022-04-26 10:19:43","2022-08-13 04:34:12",monthly,monthly,35,182,8246,9415
"2022-06-07 17:45:20","2022-09-14 17:26:34","2022-02-11 11:34:53","2022-07-22 10:06:56","2022-06-11 11:40:41","2022-09-22 10:20:50","2022-06-11 11:34:53","2022-09-22 10:06:56",monthly,monthly,41,261828,7814,9515
NULL,"2022-10-02 17:37:09","2022-01-25 17:08:14","2022-07-31 17:52:48","2022-03-01 00:00:00","2022-10-30 18:01:00","2022-02-25 00:00:00","2022-10-30 17:52:48",monthly,monthly,152,177810,7551,9716
"2022-06-12 09:55:41",NULL,"2022-05-13 00:48:44","2022-08-07 07:08:50","2022-06-13 01:00:51","2022-09-20 07:40:52","2022-06-13 00:48:44","2022-09-07 07:08:50",monthly,monthly,55,180153,8745,9766
"2022-05-25 01:13:06","2022-09-23 04:09:10","2022-05-24 16:04:15","2022-08-07 22:54:37","2022-05-25 05:47:44","2022-10-07 23:01:04","2022-06-24 16:04:15","2022-10-07 22:54:37",monthly,monthly,74,274781,8843,9772
"2022-06-23 12:33:41",NULL,"2022-06-23 12:10:40","2022-08-10 14:22:38","2022-07-23 12:20:59","2022-11-11 10:27:05","2022-07-23 12:10:40","2022-09-10 14:22:38",monthly,monthly,18,278995,9241,9798
"2022-02-24 00:00:00",NULL,"2021-12-01 10:29:52","2022-08-11 10:37:35","2022-03-01 00:00:00","2022-09-24 11:00:52","2022-03-01 00:00:00","2022-09-11 10:37:35",monthly,monthly,163,239031,6884,9803
"2022-03-21 00:00:00","2022-08-31 05:16:15","2022-01-20 19:03:24","2022-08-17 00:38:06","2022-04-20 00:00:00","2022-09-17 00:40:50","2022-04-20 00:00:00","2022-09-17 00:38:06",monthly,monthly,119,261073,7452,9833
NULL,NULL,"2022-02-25 21:45:46","2022-08-22 14:37:21","2022-04-08 13:17:06","2022-10-05 15:00:49","2022-03-25 21:45:46","2022-09-22 14:37:21",monthly,monthly,136,156614,7964,9880
NULL,NULL,"2022-07-07 01:43:26","2022-08-28 10:35:35","2022-08-20 02:20:57",NULL,"2022-08-07 01:43:26","2023-08-28 10:35:35",monthly,annually,8,280548,9367,9929
"2021-12-08 00:00:00",NULL,"2021-11-23 23:00:34","2022-08-30 19:59:48","2021-12-09 00:00:00","2022-09-05 11:39:41","2022-11-23 00:00:00","2023-08-30 19:59:48",annually,annually,264,253904,5980,9952
NULL,NULL,"2022-06-19 22:12:51","2022-08-30 20:14:43","2022-06-29 06:11:50",NULL,"2023-06-19 22:12:51","2023-08-30 20:14:43",annually,annually,62,269534,9205,9953
"2022-03-28 00:00:00",NULL,"2021-12-01 18:17:38","2022-08-31 19:19:10","2022-04-01 00:00:00",NULL,"2022-04-01 00:00:00","2023-08-31 19:19:10",monthly,annually,152,225283,6920,9980
"2022-07-12 15:37:34",NULL,"2022-04-16 03:44:30","2022-09-01 20:11:59","2022-07-16 04:00:53",NULL,"2022-07-16 03:44:30","2023-09-01 20:11:59",monthly,annually,47,269130,8546,9993
NULL,"2022-10-26 08:20:26","2022-07-13 09:46:05","2022-09-06 14:47:33","2022-08-26 10:20:42","2022-11-06 15:01:18","2022-08-13 09:46:05","2022-10-06 14:47:33",monthly,monthly,11,279404,9419,10023
NULL,NULL,"2022-07-16 19:56:20","2022-09-07 15:21:59","2022-08-09 10:59:58",NULL,"2023-07-16 19:56:20","2023-09-07 15:21:59",annually,annually,29,280932,9444,10031
NULL,NULL,"2022-04-08 19:36:38","2022-09-08 21:14:37","2022-08-21 20:00:56",NULL,"2022-05-08 19:36:38","2023-02-08 21:14:37",monthly,monthly,18,1436,8475,10045
NULL,NULL,"2022-06-14 15:18:04","2022-09-10 10:57:09","2022-07-27 15:41:00","2022-10-23 11:20:47","2022-07-14 15:18:04","2022-10-10 10:57:09",monthly,monthly,45,217976,9157,10055
NULL,NULL,"2022-06-10 02:08:14","2022-09-10 17:26:39","2022-07-23 02:40:47",NULL,"2022-07-10 02:08:14","2023-02-10 17:26:39",monthly,monthly,49,163914,9131,10057
"2022-04-06 18:45:33","2022-10-20 17:48:19","2022-02-15 16:26:13","2022-09-15 22:01:59","2022-04-15 16:41:17","2022-11-15 22:21:03","2022-03-15 16:26:13","2022-11-15 22:01:59",monthly,monthly,153,263783,7855,10093
NULL,NULL,"2022-04-29 12:42:16","2022-09-23 10:08:50","2022-06-11 13:20:44","2022-11-05 10:40:47","2022-05-29 12:42:16","2022-10-23 10:08:50",monthly,monthly,104,271465,8652,10183
NULL,NULL,"2022-09-21 16:30:39","2022-09-28 22:00:25","2022-09-26 09:10:28","2022-10-04 12:33:19","2023-09-21 16:30:39","2023-09-28 22:00:25",annually,annually,2,291575,10156,10282
NULL,NULL,"2021-09-24 19:21:35","2022-10-05 12:14:28","2022-10-03 00:00:00",NULL,"2022-09-24 00:00:00","2023-10-05 12:14:28",annually,annually,2,167554,5481,10390
"2022-09-27 20:24:54",NULL,"2022-08-02 15:50:47","2022-10-07 01:10:47","2022-10-02 16:01:30",NULL,"2022-10-02 15:50:47","2023-02-07 01:10:47",monthly,monthly,5,278789,9730,10406
"2022-03-13 00:00:00",NULL,"2021-12-14 21:53:56","2022-10-08 11:56:37","2022-03-14 00:00:00",NULL,"2022-03-14 00:00:00","2023-02-08 11:56:37",monthly,monthly,208,256539,7107,10415
NULL,NULL,"2021-09-28 05:57:40","2022-10-09 07:45:01","2022-10-07 00:00:00",NULL,"2022-09-28 00:00:00","2023-10-09 07:45:01",annually,annually,2,143709,5557,10417
NULL,NULL,"2021-11-29 06:14:37","2022-10-09 09:50:19","2021-11-29 00:00:00",NULL,"2022-11-29 00:00:00","2023-10-09 09:50:19",annually,annually,314,254888,6603,10418
"2022-08-13 23:14:35","2022-11-14 16:37:07","2022-04-20 06:43:28","2022-10-11 14:14:42","2022-08-20 07:00:58","2022-12-11 14:20:56","2022-08-20 06:43:28","2022-12-11 14:14:42",monthly,monthly,52,269984,8576,10433
NULL,NULL,"2022-10-11 08:32:27","2022-10-13 07:59:10","2022-10-11 14:45:01",NULL,"2023-10-11 08:32:27","2023-10-13 07:59:10",annually,annually,2,294227,10430,10454
"2022-09-30 00:00:00",NULL,"2021-10-09 21:46:15","2022-10-14 13:53:14","2022-10-09 00:00:00",NULL,"2022-10-09 00:00:00","2023-10-14 13:53:14",annually,annually,5,172289,5647,10473
"2022-05-29 20:05:16",NULL,"2022-04-30 09:48:59","2022-10-19 18:02:42","2022-05-30 10:00:41",NULL,"2022-05-30 09:48:59","2023-10-19 18:02:42",monthly,annually,142,182377,8658,10508
"2022-09-29 16:57:12","2022-10-20 00:54:34","2022-08-31 16:52:47","2022-10-19 19:41:50","2022-09-30 17:01:06","2023-10-19 19:41:50","2022-09-30 16:52:47","2023-10-19 19:41:50",monthly,annually,19,184509,9978,10510
"2022-06-06 04:39:03","2022-10-20 11:04:37","2022-06-02 23:57:04","2022-10-20 10:58:11","2022-06-06 06:42:56","2023-10-20 10:58:11","2022-07-02 23:57:04","2023-10-20 10:58:11",monthly,annually,136,275215,9071,10521
"2022-08-15 09:07:36",NULL,"2022-05-26 21:24:33","2022-10-20 15:29:32","2022-08-26 21:40:55",NULL,"2022-08-26 21:24:33","2023-10-20 15:29:32",monthly,annually,55,274836,8872,10527
"2022-06-12 11:41:54",NULL,"2022-04-11 18:23:01","2022-10-20 19:58:02","2022-07-11 18:41:09",NULL,"2022-07-11 18:23:01","2023-10-20 19:58:02",monthly,annually,101,270103,8499,10531
"2021-09-27 00:00:00",NULL,"2021-09-27 18:09:50","2022-10-21 05:00:20","2022-09-27 00:00:00",NULL,"2022-09-27 00:00:00","2023-10-21 05:00:20",annually,annually,24,171476,5545,10537
"2022-09-30 16:51:49",NULL,"2022-07-02 21:33:28","2022-10-21 17:11:56","2022-10-02 21:41:04",NULL,"2022-10-02 21:33:28","2023-10-21 17:11:56",monthly,annually,19,279178,9341,10543
NULL,NULL,"2021-09-29 18:25:39","2022-10-22 07:13:43","2022-10-08 00:00:00",NULL,"2022-09-29 00:00:00","2023-10-22 07:13:43",annually,annually,14,171464,5578,10550
NULL,NULL,"2022-08-21 22:17:42","2022-10-26 15:26:25","2022-10-04 22:41:12","2022-12-09 16:01:20","2022-09-21 22:17:42","2022-11-26 15:26:25",monthly,monthly,22,287436,9875,10581
NULL,NULL,"2022-06-06 06:45:30","2022-10-28 10:31:00","2022-10-07 11:33:51","2023-01-16 00:00:00","2023-06-06 06:45:30","2023-10-28 00:00:00",annually,annually,21,271258,9095,10594
